일자,평균기압(hPa),평균 상대습도(%),평균 기온(°C),평균 수온(°C),평균 유의 파고(m),갈치(상) 어획량,갈치(중) 어획량,갈치(하) 어획량,고등어(상) 어획량,고등어(중) 어획량,고등어(하) 어획량,갈고등어 어획량,갑오징어 어획량,오징어A 어획량,갈치(상) 단가,갈치(중) 단가,갈치(하) 단가,고등어(상) 단가,고등어(중) 단가,고등어(하) 단가,갈고등어 단가,갑오징어 단가,오징어A 단가
2021-12-02,1020.1,54.0,6.9,17.0,1.1,4410.0,468.0,5382.0,1368.0,11106.0,33318.0,260166.0,180.0,38.0,10328.0,4863.0,1753.0,6886.0,5006.0,4159.0,1200.0,7667.0,5132.0
2021-12-03,1017.2,56.0,11.1,17.8,1.0,5364.0,0.0,6480.0,0.0,0.0,0.0,540.0,270.0,0.0,10773.0,0.0,1544.0,0.0,0.0,0.0,1462.0,8989.0,0.0
2021-12-04,1025.3,50.0,9.0,17.6,0.8,18.0,0.0,18.0,8244.0,17100.0,70524.0,14796.0,36.0,0.0,5556.0,0.0,1500.0,7154.0,5934.0,4633.0,2949.0,2222.0,0.0
2021-12-06,1025.2,73.0,13.9,16.0,0.6,22770.0,2502.0,12438.0,3870.0,30834.0,110142.0,56358.0,1692.0,674.0,7406.0,3599.0,2131.0,6634.0,5630.0,4541.0,2524.0,9647.0,8185.0
2021-12-07,1026.0,69.0,13.3,15.3,1.0,3456.0,1548.0,4086.0,3780.0,23094.0,74988.0,266220.0,1494.0,1368.0,13157.0,4438.0,1883.0,7358.0,6037.0,4586.0,1343.0,10246.0,6723.0
2021-12-08,1030.5,65.0,12.9,17.1,1.8,1836.0,1944.0,36.0,2682.0,16326.0,70668.0,392484.0,1206.0,100.0,7898.0,4424.0,1028.0,6726.0,5129.0,4386.0,1059.0,9227.0,5900.0
2021-12-10,1024.2,75.0,14.3,16.7,0.7,3330.0,0.0,2736.0,3042.0,12006.0,44946.0,684114.0,324.0,0.0,11979.0,0.0,1833.0,5610.0,4973.0,4172.0,894.0,7269.0,0.0
2021-12-11,1023.9,69.0,13.2,17.0,0.5,1386.0,252.0,216.0,3258.0,15444.0,49014.0,947850.0,1836.0,1460.0,13740.0,3869.0,1343.0,4614.0,4477.0,3651.0,831.0,9071.0,5134.0
2021-12-12,1021.6,58.0,11.3,17.8,0.7,18.0,0.0,54.0,2934.0,12528.0,79002.0,1519734.0,0.0,1060.0,11111.0,0.0,1537.0,5391.0,4386.0,3967.0,779.0,0.0,4168.0
2021-12-13,1024.6,48.0,5.8,17.4,1.2,16902.0,2664.0,16416.0,1440.0,9432.0,60948.0,1226316.0,2394.0,340.0,11859.0,4922.0,1728.0,6842.0,4650.0,3777.0,775.0,7958.0,5644.0
2021-12-14,1022.2,56.0,7.7,17.9,0.8,3420.0,3240.0,2952.0,324.0,8388.0,60408.0,888276.0,648.0,0.0,11954.0,4000.0,1222.0,6605.0,4941.0,3992.0,775.0,8606.0,0.0
2021-12-15,1021.5,67.0,13.3,19.1,0.6,0.0,0.0,0.0,1404.0,7272.0,60822.0,918342.0,1116.0,0.0,0.0,0.0,0.0,8298.0,5195.0,4098.0,774.0,7938.0,0.0
2021-12-16,1017.5,74.0,12.2,17.8,0.5,90.0,520.0,2260.0,684.0,14004.0,43200.0,941604.0,3690.0,90.0,17778.0,7787.0,1501.0,10497.0,5030.0,4003.0,763.0,9579.0,5467.0
2021-12-17,1018.9,53.0,6.1,16.7,1.3,12240.0,6372.0,11232.0,1476.0,19008.0,46350.0,1120026.0,954.0,162.0,12133.0,4176.0,1179.0,7249.0,5032.0,4029.0,740.0,6426.0,4475.0
2021-12-18,1025.4,51.0,2.2,16.3,1.5,0.0,36.0,18.0,666.0,3636.0,26820.0,807156.0,2682.0,0.0,0.0,3194.0,1111.0,7288.0,6097.0,4409.0,684.0,7824.0,0.0
2021-12-20,1019.4,60.0,11.7,16.1,0.9,5850.0,1476.0,7506.0,486.0,5868.0,43542.0,663270.0,9162.0,36.0,11874.0,3624.0,1228.0,7572.0,6960.0,4802.0,727.0,8123.0,5556.0
2021-12-21,1016.4,64.0,13.6,16.3,1.0,0.0,0.0,36.0,0.0,0.0,0.0,80040.0,324.0,0.0,0.0,0.0,1111.0,0.0,0.0,0.0,761.0,9660.0,0.0
2021-12-22,1020.8,44.0,12.1,15.9,0.7,0.0,18.0,36.0,0.0,0.0,0.0,0.0,3024.0,18.0,0.0,3889.0,1861.0,0.0,0.0,0.0,0.0,9428.0,6944.0
2021-12-23,1022.8,42.0,11.5,15.5,0.9,126.0,0.0,234.0,0.0,0.0,0.0,0.0,18.0,90.0,7381.0,0.0,1808.0,0.0,0.0,0.0,0.0,5556.0,5722.0
2021-12-24,1018.9,60.0,10.6,15.1,1.0,4122.0,1872.0,11862.0,1620.0,14346.0,58230.0,692442.0,1656.0,306.0,10250.0,4665.0,2279.0,9728.0,5798.0,4448.0,875.0,8091.0,5948.0
2021-12-25,1025.4,51.0,1.9,15.0,1.5,594.0,864.0,5184.0,1458.0,6876.0,58176.0,965922.0,3114.0,54.0,10631.0,5463.0,1308.0,8145.0,4992.0,3977.0,726.0,8544.0,4926.0
2021-12-26,1030.7,50.0,-1.2,14.9,1.5,0.0,0.0,0.0,1548.0,15390.0,91926.0,1356990.0,0.0,0.0,0.0,0.0,0.0,6957.0,4856.0,3607.0,650.0,0.0,0.0
2021-12-27,1029.6,53.0,1.8,15.3,1.5,6642.0,2862.0,8424.0,504.0,6678.0,49374.0,659082.0,3006.0,20.0,9763.0,4698.0,1380.0,6460.0,5177.0,3669.0,819.0,6256.0,2000.0
2021-12-28,1027.0,58.0,7.2,15.1,1.1,0.0,0.0,0.0,918.0,4248.0,29664.0,372870.0,360.0,0.0,0.0,0.0,0.0,5980.0,4649.0,3325.0,856.0,8542.0,0.0
2021-12-30,1022.3,51.0,5.5,14.4,1.2,3816.0,2880.0,5454.0,2124.0,16434.0,56718.0,1336368.0,1260.0,144.0,10338.0,3778.0,1419.0,7445.0,4910.0,3875.0,761.0,5906.0,5431.0
2022-01-03,1024.0,44.0,7.4,15.5,0.7,2610.0,18.0,4932.0,720.0,5958.0,48960.0,1310784.0,450.0,270.0,8362.0,2889.0,1528.0,11000.0,6790.0,4216.0,798.0,8911.0,5711.0
2022-01-04,1025.3,50.0,7.9,15.9,0.6,18.0,0.0,0.0,2016.0,12942.0,54648.0,881268.0,792.0,108.0,5556.0,0.0,0.0,8716.0,5355.0,3822.0,833.0,10423.0,5602.0
2022-01-06,1024.9,51.0,8.9,16.1,1.2,3348.0,18.0,4464.0,1458.0,8460.0,32760.0,324780.0,3654.0,144.0,12323.0,3333.0,1713.0,6279.0,5304.0,3911.0,874.0,8593.0,9201.0
2022-01-08,1022.7,42.0,9.0,15.5,0.7,0.0,0.0,36.0,1656.0,6048.0,34434.0,424656.0,0.0,112.0,0.0,0.0,2278.0,5473.0,4911.0,3863.0,707.0,0.0,3982.0
2022-01-10,1018.3,67.0,9.5,16.1,0.7,4374.0,828.0,6264.0,2448.0,25560.0,72684.0,452430.0,1620.0,446.0,11469.0,4312.0,1415.0,6188.0,3850.0,2479.0,738.0,6693.0,3296.0
2022-01-11,1015.5,52.0,4.6,15.6,1.1,3078.0,3834.0,8010.0,774.0,8082.0,52380.0,743880.0,4914.0,222.0,11564.0,4087.0,1466.0,7968.0,5428.0,3461.0,752.0,7825.0,4910.0
2022-01-12,1019.6,51.0,2.0,15.0,1.4,52038.0,1908.0,5580.0,1566.0,7470.0,55494.0,806118.0,1170.0,108.0,14233.0,3784.0,1328.0,8578.0,5812.0,3743.0,748.0,6022.0,5944.0
2022-01-13,1018.4,49.0,2.5,15.0,1.7,167562.0,1710.0,4212.0,234.0,1386.0,14778.0,191952.0,3546.0,0.0,12648.0,4938.0,1489.0,9564.0,7466.0,4712.0,995.0,8338.0,0.0
2022-01-14,1023.8,43.0,3.3,14.8,1.9,0.0,0.0,0.0,0.0,0.0,0.0,0.0,234.0,18.0,0.0,0.0,0.0,0.0,0.0,0.0,0.0,8184.0,5000.0
2022-01-15,1022.0,49.0,8.0,14.7,1.4,0.0,0.0,0.0,0.0,0.0,0.0,0.0,0.0,0.0,0.0,0.0,0.0,0.0,0.0,0.0,0.0,0.0,0.0
2022-01-17,1024.7,48.0,4.1,14.1,0.9,57600.0,4302.0,126.0,6660.0,7128.0,8028.0,79830.0,108.0,0.0,13756.0,3432.0,1032.0,8886.0,8906.0,7834.0,1230.0,6713.0,0.0
2022-01-18,1025.9,40.0,3.1,14.3,1.0,6030.0,18.0,72.0,828.0,4248.0,6912.0,13590.0,2736.0,314.0,17372.0,3889.0,1667.0,11184.0,8290.0,5790.0,1929.0,9541.0,5764.0
2022-01-19,1022.5,49.0,4.9,14.5,1.2,432.0,0.0,0.0,0.0,0.0,0.0,0.0,0.0,20.0,5926.0,0.0,0.0,0.0,0.0,0.0,0.0,0.0,6500.0
2022-01-20,1025.4,52.0,4.4,14.7,1.7,11178.0,3492.0,144.0,432.0,2160.0,10908.0,32832.0,1224.0,770.0,13945.0,3530.0,1111.0,16019.0,9095.0,6580.0,2168.0,9220.0,6718.0
2022-01-22,1025.5,64.0,9.9,14.8,1.1,72.0,0.0,0.0,1044.0,3636.0,30384.0,20160.0,0.0,0.0,12778.0,0.0,0.0,8649.0,6553.0,4565.0,2373.0,0.0,0.0
2022-01-24,1020.5,67.0,8.9,14.4,2.1,11610.0,2646.0,8550.0,1998.0,8190.0,25740.0,38934.0,576.0,596.0,10695.0,4718.0,1480.0,7214.0,5862.0,5160.0,1591.0,5278.0,5253.0
2022-01-25,1020.7,67.0,9.0,14.0,1.0,26946.0,2322.0,8442.0,0.0,0.0,0.0,52338.0,2484.0,0.0,11850.0,3635.0,1681.0,0.0,0.0,0.0,751.0,7053.0,0.0
2022-01-26,1022.5,54.0,8.1,13.7,0.7,6642.0,3636.0,1854.0,0.0,0.0,0.0,234.0,702.0,20.0,10726.0,2368.0,1578.0,0.0,0.0,0.0,1500.0,8048.0,15500.0
2022-01-27,1021.7,51.0,8.3,13.6,0.6,183258.0,9828.0,10890.0,972.0,12600.0,67662.0,577098.0,2898.0,252.0,12448.0,4430.0,1724.0,10883.0,6004.0,4019.0,924.0,9659.0,5317.0
2022-01-28,1021.0,39.0,7.1,13.8,0.8,32490.0,9216.0,12744.0,2304.0,23382.0,48312.0,1065000.0,1206.0,416.0,10019.0,3710.0,1674.0,7937.0,4564.0,3510.0,817.0,8307.0,5399.0
2022-01-29,1018.5,41.0,5.9,14.4,0.9,76626.0,1548.0,540.0,2880.0,9036.0,69444.0,771498.0,0.0,18.0,12325.0,3672.0,2224.0,6225.0,4333.0,2821.0,835.0,0.0,2111.0
2022-01-30,1018.7,42.0,5.8,14.7,0.9,48312.0,6318.0,1692.0,666.0,2376.0,21042.0,210420.0,0.0,0.0,10372.0,4648.0,2008.0,4955.0,4068.0,3144.0,921.0,0.0,0.0
2022-02-05,1023.9,49.0,1.6,12.7,0.9,0.0,0.0,270.0,0.0,0.0,0.0,0.0,0.0,252.0,0.0,0.0,615.0,0.0,0.0,0.0,0.0,0.0,2607.0
2022-02-07,1026.1,45.0,3.9,13.1,0.8,20070.0,630.0,3636.0,0.0,0.0,0.0,108.0,324.0,220.0,10877.0,3643.0,1868.0,0.0,0.0,0.0,1343.0,9244.0,8000.0
2022-02-08,1025.1,44.0,6.2,13.7,0.7,119808.0,1116.0,1818.0,774.0,2952.0,21078.0,275130.0,180.0,0.0,13271.0,3889.0,1562.0,15065.0,9015.0,6883.0,1325.0,7061.0,0.0
2022-02-09,1023.8,56.0,8.1,13.7,0.8,12924.0,396.0,90.0,2754.0,21690.0,53388.0,510156.0,0.0,362.0,13402.0,4874.0,1533.0,9202.0,6446.0,5116.0,1073.0,0.0,4950.0
2022-02-10,1020.6,48.0,9.3,14.1,0.7,101898.0,630.0,15714.0,108.0,3258.0,10764.0,111510.0,0.0,256.0,13862.0,3841.0,12910.0,7778.0,6565.0,5295.0,1246.0,0.0,3160.0
2022-02-11,1024.4,46.0,8.8,14.5,0.8,103428.0,792.0,576.0,0.0,6732.0,10296.0,163422.0,0.0,116.0,14912.0,5124.0,2734.0,0.0,7232.0,5639.0,1276.0,0.0,3491.0
2022-02-12,1023.5,55.0,10.1,13.8,0.7,33912.0,90.0,198.0,126.0,252.0,2232.0,24552.0,3222.0,148.0,15111.0,3889.0,1414.0,9127.0,8143.0,5785.0,1457.0,10075.0,3514.0
2022-02-14,1018.8,68.0,10.3,13.0,1.6,828.0,342.0,972.0,4320.0,34326.0,103032.0,118278.0,1026.0,5856.0,9481.0,4415.0,1893.0,5451.0,4584.0,3856.0,1419.0,7224.0,3331.0
2022-02-15,1018.3,55.0,4.8,13.2,1.1,10.0,272.0,40.0,2358.0,5130.0,29700.0,49014.0,0.0,2980.0,10000.0,3713.0,1800.0,5192.0,4408.0,4163.0,1130.0,0.0,3066.0
2022-02-16,1021.1,51.0,0.8,12.5,1.1,3474.0,1674.0,2916.0,0.0,0.0,0.0,1404.0,864.0,0.0,9574.0,2944.0,1500.0,0.0,0.0,0.0,844.0,6644.0,0.0
2022-02-17,1026.1,42.0,0.0,12.4,1.3,198.0,54.0,18.0,0.0,0.0,0.0,0.0,432.0,0.0,7652.0,4259.0,1667.0,0.0,0.0,0.0,0.0,7662.0,0.0
2022-02-18,1028.2,61.0,5.8,12.4,1.9,0.0,0.0,0.0,0.0,0.0,0.0,0.0,0.0,0.0,0.0,0.0,0.0,0.0,0.0,0.0,0.0,0.0,0.0
2022-02-19,1020.5,56.0,7.5,12.7,1.2,0.0,0.0,0.0,0.0,0.0,0.0,0.0,0.0,18.0,0.0,0.0,0.0,0.0,0.0,0.0,0.0,0.0,3667.0
2022-02-21,1029.7,46.0,1.9,12.9,1.0,846.0,270.0,1314.0,0.0,0.0,16938.0,0.0,486.0,184.0,9684.0,5481.0,1607.0,0.0,0.0,1334.0,0.0,7037.0,1978.0
2022-02-22,1029.6,46.0,2.6,12.8,1.3,378.0,288.0,648.0,0.0,0.0,0.0,7884.0,504.0,0.0,9810.0,4656.0,2278.0,0.0,0.0,0.0,1639.0,7024.0,0.0
2022-02-23,1029.2,44.0,2.7,12.8,1.2,0.0,0.0,0.0,1890.0,5238.0,16272.0,6642.0,0.0,0.0,0.0,0.0,0.0,10928.0,8318.0,7954.0,5450.0,0.0,0.0
2022-03-31,1022.2,82.0,12.2,14.2,1.6,4860.0,1440.0,12654.0,0.0,252.0,900.0,324.0,36.0,108.0,15606.0,4494.0,1726.0,0.0,13591.0,10911.0,7528.0,6778.0,4259.0
2022-04-02,1027.1,59.0,11.8,14.1,0.7,0.0,0.0,0.0,0.0,0.0,0.0,0.0,108.0,0.0,0.0,0.0,0.0,0.0,0.0,0.0,0.0,12917.0,0.0
2022-04-04,1027.1,71.0,13.0,13.8,0.4,1314.0,1548.0,5004.0,108.0,6354.0,11052.0,12978.0,3096.0,240.0,12686.0,4598.0,1421.0,6944.0,8002.0,7183.0,2625.0,14336.0,4167.0
2022-04-05,1021.8,68.0,12.9,13.5,0.6,576.0,1134.0,4212.0,252.0,2520.0,4500.0,14508.0,2178.0,0.0,7330.0,4515.0,1155.0,9921.0,8484.0,6503.0,2077.0,14316.0,0.0
2022-04-06,1020.0,59.0,14.3,14.7,0.5,0.0,0.0,18.0,1620.0,2322.0,4428.0,5706.0,1404.0,18.0,0.0,0.0,833.0,8114.0,7698.0,6625.0,3024.0,14564.0,2333.0
2022-04-07,1016.6,73.0,14.9,15.9,0.7,54.0,18.0,0.0,0.0,18.0,270.0,3168.0,0.0,0.0,9167.0,3889.0,0.0,0.0,8056.0,4244.0,2216.0,0.0,0.0
2022-04-08,1019.9,71.0,15.0,16.0,0.7,2106.0,648.0,2610.0,216.0,666.0,2142.0,1404.0,414.0,0.0,11045.0,3696.0,1896.0,7352.0,8769.0,7241.0,3413.0,7671.0,0.0
2022-04-09,1017.5,88.0,14.9,15.2,0.5,18.0,288.0,36.0,0.0,0.0,0.0,234.0,18.0,0.0,9444.0,4889.0,2639.0,0.0,0.0,0.0,974.0,1500.0,0.0
2022-04-11,1015.0,95.0,15.8,14.5,0.5,756.0,2970.0,0.0,0.0,648.0,738.0,5472.0,3870.0,0.0,10090.0,3913.0,0.0,0.0,10937.0,7360.0,1963.0,14004.0,0.0
2022-04-14,1016.1,85.0,12.9,15.5,2.8,0.0,18.0,18.0,0.0,0.0,0.0,0.0,0.0,0.0,0.0,4889.0,556.0,0.0,0.0,0.0,0.0,0.0,0.0
2022-04-15,1016.1,69.0,12.7,15.3,2.7,0.0,36.0,0.0,0.0,0.0,0.0,0.0,0.0,0.0,0.0,2222.0,0.0,0.0,0.0,0.0,0.0,0.0,0.0
2022-04-16,1017.5,62.0,12.8,15.4,1.6,0.0,0.0,0.0,0.0,0.0,0.0,0.0,0.0,0.0,0.0,0.0,0.0,0.0,0.0,0.0,0.0,0.0,0.0
2022-04-18,1017.1,68.0,15.3,16.0,0.4,0.0,0.0,0.0,0.0,0.0,0.0,0.0,0.0,0.0,0.0,0.0,0.0,0.0,0.0,0.0,0.0,0.0,0.0
2022-04-19,1016.8,60.0,16.3,15.8,0.3,216.0,252.0,0.0,0.0,0.0,0.0,0.0,162.0,0.0,6944.0,5111.0,0.0,0.0,0.0,0.0,0.0,13827.0,0.0
2022-04-20,1016.4,69.0,15.7,15.0,0.3,216.0,108.0,0.0,0.0,0.0,0.0,0.0,0.0,0.0,6500.0,5278.0,0.0,0.0,0.0,0.0,0.0,0.0,0.0
2022-04-21,1014.0,84.0,14.9,15.3,0.3,0.0,0.0,0.0,0.0,0.0,0.0,0.0,1062.0,0.0,0.0,0.0,0.0,0.0,0.0,0.0,0.0,14896.0,0.0
2022-04-23,1012.9,90.0,15.2,14.0,0.7,0.0,0.0,0.0,0.0,0.0,0.0,0.0,2304.0,0.0,0.0,0.0,0.0,0.0,0.0,0.0,0.0,9112.0,0.0
2022-04-25,1011.3,95.0,16.4,15.7,0.5,0.0,0.0,0.0,0.0,0.0,0.0,0.0,972.0,0.0,0.0,0.0,0.0,0.0,0.0,0.0,0.0,11050.0,0.0
2022-04-26,1003.2,99.0,16.5,14.9,1.9,0.0,54.0,36.0,0.0,0.0,0.0,0.0,1800.0,0.0,0.0,3889.0,2556.0,0.0,0.0,0.0,0.0,10333.0,0.0
2022-04-27,1014.2,79.0,16.2,15.1,1.5,0.0,0.0,18.0,0.0,0.0,0.0,0.0,0.0,0.0,0.0,0.0,2056.0,0.0,0.0,0.0,0.0,0.0,0.0
2022-04-30,1017.4,73.0,14.3,16.1,1.9,0.0,0.0,0.0,0.0,0.0,0.0,0.0,0.0,0.0,0.0,0.0,0.0,0.0,0.0,0.0,0.0,0.0,0.0
2022-05-02,1013.8,66.0,14.9,15.3,0.7,108.0,0.0,0.0,0.0,0.0,0.0,252.0,18.0,0.0,10324.0,0.0,0.0,0.0,0.0,0.0,2190.0,8611.0,0.0
2022-05-03,1020.0,78.0,14.2,15.5,0.6,252.0,180.0,0.0,0.0,0.0,0.0,0.0,270.0,0.0,8333.0,5000.0,0.0,0.0,0.0,0.0,0.0,13978.0,0.0
2022-05-05,1019.9,87.0,16.3,15.2,0.3,0.0,0.0,0.0,0.0,0.0,0.0,0.0,0.0,0.0,0.0,0.0,0.0,0.0,0.0,0.0,0.0,0.0,0.0
2022-05-06,1016.7,88.0,17.7,16.1,0.4,0.0,0.0,18.0,0.0,0.0,0.0,0.0,684.0,0.0,0.0,0.0,2056.0,0.0,0.0,0.0,0.0,11026.0,0.0
2022-05-07,1016.6,86.0,17.1,15.8,0.7,0.0,0.0,0.0,0.0,0.0,0.0,90.0,0.0,0.0,0.0,0.0,0.0,0.0,0.0,0.0,8444.0,0.0,0.0
2022-05-11,1015.1,88.0,17.5,16.6,0.7,0.0,0.0,0.0,0.0,0.0,0.0,0.0,0.0,0.0,0.0,0.0,0.0,0.0,0.0,0.0,0.0,0.0,0.0
2022-05-12,1011.1,94.0,17.9,17.3,0.7,0.0,0.0,0.0,0.0,198.0,414.0,378.0,0.0,0.0,0.0,0.0,0.0,0.0,12955.0,10845.0,5317.0,0.0,0.0
2022-05-13,1007.9,89.0,17.4,18.3,1.2,0.0,0.0,0.0,0.0,0.0,0.0,0.0,0.0,0.0,0.0,0.0,0.0,0.0,0.0,0.0,0.0,0.0,0.0
2022-05-14,1011.1,68.0,18.1,18.4,0.7,0.0,0.0,0.0,0.0,0.0,0.0,0.0,0.0,0.0,0.0,0.0,0.0,0.0,0.0,0.0,0.0,0.0,0.0
2022-05-16,1012.7,68.0,17.0,17.6,0.5,0.0,0.0,0.0,0.0,0.0,0.0,0.0,288.0,0.0,0.0,0.0,0.0,0.0,0.0,0.0,0.0,8830.0,0.0
2022-05-17,1015.1,80.0,17.4,17.6,0.4,0.0,0.0,0.0,0.0,0.0,0.0,0.0,324.0,0.0,0.0,0.0,0.0,0.0,0.0,0.0,0.0,10654.0,0.0
2022-05-18,1018.4,85.0,17.3,16.4,0.4,18.0,54.0,18.0,0.0,0.0,0.0,0.0,594.0,0.0,5556.0,3722.0,1111.0,0.0,0.0,0.0,0.0,10268.0,0.0
2022-05-19,1018.3,79.0,17.4,15.9,0.4,0.0,0.0,18.0,0.0,0.0,0.0,0.0,0.0,0.0,0.0,0.0,556.0,0.0,0.0,0.0,0.0,0.0,0.0
2022-05-20,1013.9,87.0,17.6,16.3,0.3,0.0,0.0,0.0,0.0,0.0,0.0,0.0,0.0,0.0,0.0,0.0,0.0,0.0,0.0,0.0,0.0,0.0,0.0
2022-05-23,1013.0,90.0,19.2,18.3,0.5,36.0,0.0,630.0,324.0,738.0,2412.0,10404.0,612.0,0.0,10000.0,0.0,2019.0,9167.0,8302.0,6873.0,2608.0,9181.0,0.0
2022-05-24,1013.2,92.0,20.0,19.2,0.3,1062.0,1422.0,4716.0,234.0,414.0,1080.0,7902.0,432.0,0.0,7608.0,3444.0,1655.0,10833.0,9372.0,7946.0,2714.0,9236.0,0.0
2022-05-25,1009.3,91.0,19.3,18.5,0.4,18.0,90.0,0.0,756.0,1278.0,4554.0,11592.0,1674.0,0.0,8611.0,3222.0,0.0,9286.0,8697.0,6076.0,3237.0,5357.0,0.0
2022-05-26,1004.1,88.0,18.6,18.1,0.6,0.0,0.0,18.0,0.0,0.0,0.0,0.0,342.0,0.0,0.0,0.0,3056.0,0.0,0.0,0.0,0.0,8865.0,0.0
2022-05-27,1002.1,77.0,18.7,16.8,0.9,252.0,162.0,360.0,1314.0,2988.0,15138.0,25218.0,126.0,0.0,9683.0,2889.0,2611.0,6317.0,6396.0,5188.0,2587.0,5159.0,0.0
2022-05-28,1006.8,86.0,18.3,16.7,0.7,108.0,234.0,0.0,918.0,2988.0,10134.0,10836.0,0.0,0.0,10556.0,4188.0,0.0,4621.0,4028.0,4064.0,2761.0,0.0,0.0
2022-05-30,1001.7,87.0,19.3,18.0,0.6,252.0,576.0,378.0,1134.0,3474.0,24768.0,26532.0,0.0,0.0,7837.0,3901.0,1944.0,5220.0,4687.0,3359.0,1702.0,0.0,0.0
2022-05-31,1008.0,76.0,19.7,18.2,0.6,108.0,504.0,0.0,828.0,2214.0,9522.0,7992.0,0.0,0.0,10139.0,3651.0,0.0,5870.0,5127.0,4710.0,3178.0,0.0,0.0
2022-06-02,1007.6,94.0,18.9,18.1,0.5,0.0,0.0,0.0,378.0,1008.0,2682.0,180.0,0.0,7740.0,0.0,0.0,0.0,5389.0,4444.0,3475.0,1889.0,0.0,3883.0
2022-06-03,1010.6,94.0,19.1,18.3,0.8,270.0,1116.0,36.0,0.0,270.0,1656.0,25272.0,18.0,11610.0,12500.0,4216.0,1944.0,0.0,11511.0,8042.0,2330.0,12778.0,3467.0
2022-06-04,1011.9,90.0,19.5,19.0,1.2,108.0,5130.0,11898.0,0.0,0.0,0.0,0.0,54.0,0.0,10648.0,4095.0,1769.0,0.0,0.0,0.0,0.0,8519.0,0.0
2022-06-06,999.8,86.0,19.4,18.9,1.8,1572.0,3162.0,12888.0,0.0,0.0,0.0,0.0,234.0,27058.0,8320.0,4052.0,1357.0,0.0,0.0,0.0,0.0,8675.0,2938.0
2022-06-08,1012.3,81.0,18.7,19.6,1.6,0.0,0.0,0.0,0.0,0.0,0.0,0.0,0.0,0.0,0.0,0.0,0.0,0.0,0.0,0.0,0.0,0.0,0.0
2022-06-09,1014.1,82.0,19.4,19.0,1.0,0.0,0.0,0.0,0.0,0.0,0.0,0.0,18.0,468.0,0.0,0.0,0.0,0.0,0.0,0.0,0.0,1944.0,5887.0
2022-06-10,1014.3,91.0,20.1,19.2,0.5,0.0,0.0,0.0,0.0,0.0,0.0,0.0,0.0,10026.0,0.0,0.0,0.0,0.0,0.0,0.0,0.0,0.0,4673.0
2022-06-11,1012.0,89.0,20.4,19.4,1.0,0.0,0.0,0.0,0.0,0.0,0.0,0.0,0.0,11358.0,0.0,0.0,0.0,0.0,0.0,0.0,0.0,0.0,3392.0
2022-06-13,1009.5,86.0,20.6,20.6,1.6,0.0,0.0,0.0,0.0,0.0,0.0,0.0,0.0,8442.0,0.0,0.0,0.0,0.0,0.0,0.0,0.0,0.0,3515.0
2022-06-14,1006.9,92.0,19.6,20.7,2.4,2910.0,5270.0,0.0,0.0,0.0,0.0,0.0,0.0,11394.0,15262.0,8910.0,0.0,0.0,0.0,0.0,0.0,0.0,3803.0
2022-06-15,1008.1,93.0,20.4,20.8,1.2,1740.0,5640.0,1240.0,0.0,0.0,0.0,0.0,0.0,0.0,15889.0,7547.0,2541.0,0.0,0.0,0.0,0.0,0.0,0.0
2022-06-16,1008.6,95.0,20.8,20.8,1.0,0.0,0.0,0.0,0.0,0.0,0.0,0.0,0.0,0.0,0.0,0.0,0.0,0.0,0.0,0.0,0.0,0.0,0.0
2022-06-17,1009.1,97.0,21.2,20.5,0.6,3250.0,5810.0,3110.0,0.0,0.0,0.0,0.0,0.0,10908.0,14469.0,7620.0,3230.0,0.0,0.0,0.0,0.0,0.0,5949.0
2022-06-18,1007.9,97.0,21.3,20.8,0.5,0.0,0.0,0.0,0.0,0.0,0.0,0.0,0.0,17946.0,0.0,0.0,0.0,0.0,0.0,0.0,0.0,0.0,5535.0
2022-06-20,1005.1,98.0,22.1,20.9,0.5,6516.0,6708.0,4346.0,2376.0,22824.0,44676.0,57960.0,0.0,40172.0,11526.0,7091.0,2937.0,5909.0,4492.0,3149.0,1403.0,0.0,2883.0
2022-06-21,1004.2,98.0,23.1,22.2,0.5,11016.0,3330.0,16866.0,2412.0,18378.0,83052.0,52002.0,0.0,13020.0,5258.0,3559.0,1686.0,5038.0,3494.0,2885.0,1658.0,0.0,2494.0
2022-06-22,1008.1,97.0,22.8,22.2,0.8,2394.0,4464.0,4374.0,2160.0,13230.0,49932.0,34578.0,0.0,20.0,4851.0,3670.0,2176.0,4763.0,3751.0,2770.0,1697.0,0.0,1000.0
2022-06-23,1004.8,98.0,23.5,21.6,1.3,432.0,2232.0,2538.0,288.0,3330.0,13068.0,10368.0,0.0,26658.0,8398.0,3056.0,1802.0,6583.0,4495.0,4640.0,2652.0,0.0,2383.0
2022-06-25,1007.6,98.0,22.1,20.4,1.2,0.0,0.0,0.0,0.0,0.0,0.0,0.0,0.0,0.0,0.0,0.0,0.0,0.0,0.0,0.0,0.0,0.0,0.0
2022-06-27,1011.6,98.0,23.7,21.8,1.0,0.0,0.0,0.0,0.0,0.0,0.0,0.0,0.0,0.0,0.0,0.0,0.0,0.0,0.0,0.0,0.0,0.0,0.0
2022-06-28,1008.9,98.0,24.0,21.9,1.3,0.0,0.0,0.0,0.0,0.0,0.0,0.0,0.0,486.0,0.0,0.0,0.0,0.0,0.0,0.0,0.0,0.0,5926.0
2022-06-29,1009.2,97.0,24.1,21.8,1.4,0.0,0.0,0.0,0.0,0.0,0.0,0.0,0.0,0.0,0.0,0.0,0.0,0.0,0.0,0.0,0.0,0.0,0.0
2022-06-30,1013.3,99.0,23.3,22.3,0.9,0.0,0.0,0.0,0.0,0.0,0.0,0.0,0.0,0.0,0.0,0.0,0.0,0.0,0.0,0.0,0.0,0.0,0.0
2022-07-01,1015.2,97.0,24.7,23.9,0.6,0.0,0.0,0.0,0.0,0.0,0.0,0.0,0.0,4212.0,0.0,0.0,0.0,0.0,0.0,0.0,0.0,0.0,6001.0
2022-07-02,1012.9,95.0,24.7,23.8,0.5,0.0,0.0,0.0,0.0,0.0,0.0,0.0,0.0,14292.0,0.0,0.0,0.0,0.0,0.0,0.0,0.0,0.0,3918.0
2022-07-04,1005.9,94.0,26.0,24.9,0.8,3120.0,9522.0,9732.0,126.0,2160.0,13572.0,51144.0,18.0,15272.0,7740.0,4866.0,1893.0,18651.0,9922.0,5769.0,3959.0,1944.0,2682.0
2022-07-05,1005.7,95.0,26.1,25.3,0.6,1782.0,0.0,0.0,198.0,2016.0,22320.0,22356.0,0.0,3208.0,10210.0,0.0,0.0,22677.0,9462.0,5805.0,3830.0,0.0,3848.0
2022-07-06,1009.3,98.0,26.5,25.6,0.5,0.0,0.0,0.0,0.0,0.0,0.0,0.0,0.0,5238.0,0.0,0.0,0.0,0.0,0.0,0.0,0.0,0.0,3017.0
2022-07-07,1008.9,98.0,26.8,25.5,0.7,2412.0,2394.0,1080.0,180.0,2880.0,31554.0,54324.0,0.0,1450.0,10963.0,4327.0,2528.0,12056.0,9363.0,4573.0,2784.0,0.0,4643.0
2022-07-08,1003.7,98.0,26.1,25.1,1.0,900.0,1026.0,18.0,180.0,1728.0,17802.0,48384.0,18.0,6492.0,7453.0,4954.0,2778.0,8111.0,7984.0,3860.0,2054.0,1833.0,3111.0
2022-07-09,1002.0,89.0,26.7,26.4,0.7,0.0,0.0,0.0,0.0,0.0,0.0,0.0,0.0,342.0,0.0,0.0,0.0,0.0,0.0,0.0,0.0,0.0,2865.0
2022-07-11,1006.4,93.0,26.2,25.9,0.6,1530.0,288.0,0.0,306.0,6336.0,48402.0,42330.0,0.0,3188.0,9652.0,4809.0,0.0,11307.0,6248.0,3827.0,2459.0,0.0,4570.0
2022-07-12,1008.9,87.0,25.2,24.3,1.2,3906.0,7506.0,3618.0,1854.0,28746.0,147438.0,75924.0,0.0,2596.0,6463.0,4658.0,2090.0,3964.0,3259.0,2088.0,1420.0,0.0,5489.0
2022-07-13,1006.1,89.0,25.5,24.7,0.8,2880.0,306.0,1440.0,810.0,18144.0,74682.0,42858.0,0.0,8070.0,7173.0,3693.0,2256.0,6504.0,3662.0,2258.0,1459.0,0.0,2427.0
2022-07-15,999.4,97.0,24.2,24.0,0.9,0.0,0.0,0.0,0.0,0.0,0.0,0.0,0.0,5580.0,0.0,0.0,0.0,0.0,0.0,0.0,0.0,0.0,3202.0
2022-07-16,998.5,94.0,24.2,23.7,0.7,270.0,0.0,0.0,0.0,1782.0,22500.0,20412.0,0.0,1980.0,7130.0,0.0,0.0,0.0,3864.0,2390.0,1128.0,0.0,2704.0
2022-07-18,1000.3,98.0,23.6,23.2,1.3,0.0,0.0,0.0,432.0,1008.0,11952.0,8100.0,0.0,23526.0,0.0,0.0,0.0,8421.0,6796.0,4329.0,3336.0,0.0,2159.0
2022-07-20,1006.5,94.0,23.8,23.1,1.0,54.0,522.0,0.0,72.0,990.0,9180.0,5364.0,0.0,51178.0,8333.0,3774.0,0.0,17222.0,8362.0,5774.0,4475.0,0.0,5472.0
2022-07-21,1002.3,93.0,23.4,21.2,1.3,1944.0,378.0,18.0,1422.0,15120.0,73962.0,47376.0,0.0,105970.0,9592.0,5153.0,2778.0,8660.0,4839.0,3352.0,1957.0,0.0,4989.0
2022-07-23,1006.8,97.0,23.4,22.4,0.9,0.0,0.0,0.0,0.0,0.0,0.0,0.0,0.0,18.0,0.0,0.0,0.0,0.0,0.0,0.0,0.0,0.0,4444.0
2022-07-25,1008.9,96.0,24.0,23.5,0.7,4392.0,1494.0,108.0,954.0,11790.0,86814.0,219210.0,0.0,2300.0,7151.0,3150.0,1426.0,5964.0,4689.0,3111.0,1779.0,0.0,3830.0
2022-07-26,1010.5,96.0,24.4,23.6,0.5,2880.0,0.0,162.0,522.0,6480.0,52902.0,66384.0,0.0,48004.0,7884.0,0.0,2049.0,8017.0,5730.0,3205.0,2007.0,0.0,5195.0
2022-07-27,1010.5,93.0,25.1,24.2,0.8,1152.0,5562.0,72.0,594.0,6588.0,53262.0,15030.0,0.0,400.0,9240.0,5076.0,1389.0,7769.0,4903.0,2334.0,1235.0,0.0,4180.0
2022-07-28,1011.7,98.0,25.4,24.2,0.9,2502.0,2754.0,1170.0,2034.0,12366.0,74826.0,97344.0,0.0,2524.0,6869.0,4250.0,1734.0,4568.0,3921.0,2356.0,1279.0,0.0,4023.0
2022-07-29,1011.8,96.0,26.4,25.4,1.0,3240.0,630.0,108.0,1368.0,9720.0,30096.0,21978.0,0.0,1730.0,7820.0,5295.0,2222.0,2032.0,2342.0,1887.0,1174.0,0.0,3671.0
2022-07-30,1008.8,93.0,27.0,25.3,1.2,5544.0,792.0,1368.0,1692.0,7740.0,48690.0,69372.0,0.0,420.0,7061.0,5120.0,2610.0,5096.0,5065.0,3176.0,1330.0,0.0,4905.0
2022-08-01,1008.3,93.0,27.7,25.6,2.3,1260.0,4020.0,3210.0,0.0,0.0,108.0,0.0,0.0,32060.0,17609.0,9283.0,4663.0,0.0,0.0,1852.0,0.0,0.0,5618.0
2022-08-02,1011.7,98.0,26.9,25.0,1.4,0.0,0.0,0.0,0.0,0.0,252.0,0.0,0.0,93914.0,0.0,0.0,0.0,0.0,0.0,2317.0,0.0,0.0,6458.0
2022-08-03,1011.6,99.0,26.5,25.3,0.7,0.0,0.0,18.0,0.0,0.0,0.0,54.0,0.0,37516.0,0.0,0.0,2056.0,0.0,0.0,0.0,2333.0,0.0,5738.0
2022-08-04,1009.7,97.0,26.6,25.6,0.6,882.0,144.0,108.0,486.0,3240.0,43182.0,49176.0,18.0,73060.0,10397.0,4583.0,1574.0,9218.0,7951.0,4085.0,1773.0,1944.0,5868.0
2022-08-05,1007.0,98.0,26.6,25.1,0.5,3132.0,6786.0,1530.0,6624.0,19548.0,167634.0,139140.0,0.0,87206.0,9600.0,3878.0,1501.0,4517.0,3016.0,2420.0,1515.0,0.0,5449.0
2022-08-06,1006.4,97.0,27.2,26.2,0.6,1908.0,828.0,72.0,2484.0,9810.0,85536.0,70002.0,0.0,820.0,8712.0,3771.0,1458.0,4746.0,3989.0,2501.0,1320.0,0.0,3813.0
2022-08-08,1009.6,96.0,27.7,26.4,0.9,4734.0,1392.0,756.0,3546.0,28242.0,107208.0,115644.0,0.0,148696.0,9225.0,4408.0,1706.0,3987.0,3151.0,2149.0,1573.0,0.0,5249.0
2022-08-09,1009.3,95.0,27.9,26.9,0.8,10242.0,10876.0,4438.0,4572.0,17766.0,83808.0,107496.0,0.0,69066.0,10010.0,6386.0,2993.0,6506.0,4714.0,3221.0,1426.0,0.0,5272.0
2022-08-10,1008.3,97.0,27.5,26.4,0.8,270.0,36.0,126.0,702.0,7074.0,38988.0,18360.0,18.0,120220.0,9207.0,4444.0,2333.0,7108.0,5605.0,2990.0,2080.0,4444.0,5191.0
2022-08-11,1006.7,97.0,27.1,26.0,0.7,0.0,0.0,0.0,0.0,0.0,0.0,0.0,0.0,0.0,0.0,0.0,0.0,0.0,0.0,0.0,0.0,0.0,0.0
2022-08-12,1005.8,97.0,26.6,26.0,0.7,220.0,1108.0,40.0,0.0,0.0,0.0,72.0,0.0,67996.0,12468.0,7986.0,3300.0,0.0,0.0,0.0,2778.0,0.0,5540.0
2022-08-13,1006.8,98.0,25.7,25.3,0.5,0.0,0.0,0.0,0.0,0.0,0.0,0.0,0.0,144.0,0.0,0.0,0.0,0.0,0.0,0.0,0.0,0.0,4340.0
2022-08-15,1005.5,98.0,26.3,25.1,0.8,36.0,18.0,36.0,0.0,0.0,0.0,0.0,0.0,2610.0,6667.0,3778.0,1806.0,0.0,0.0,0.0,0.0,0.0,3492.0
2022-08-16,1005.3,98.0,25.0,23.9,1.6,14690.0,8620.0,1470.0,0.0,0.0,0.0,1096.0,0.0,0.0,7205.0,7745.0,2782.0,0.0,0.0,0.0,3461.0,0.0,0.0
2022-08-17,1006.4,98.0,24.3,23.8,1.4,0.0,0.0,0.0,0.0,0.0,0.0,0.0,18.0,64744.0,0.0,0.0,0.0,0.0,0.0,0.0,0.0,4000.0,5810.0
2022-08-18,1008.0,92.0,25.2,25.5,1.0,36.0,18.0,0.0,2430.0,17550.0,132282.0,105750.0,0.0,103540.0,10000.0,3333.0,0.0,7853.0,5409.0,3016.0,1770.0,0.0,5786.0
2022-08-19,1005.3,94.0,25.8,25.0,0.6,816.0,126.0,90.0,1908.0,11898.0,89838.0,158490.0,0.0,164276.0,13998.0,4921.0,2889.0,7416.0,5566.0,3490.0,1725.0,0.0,5742.0
2022-08-20,1003.2,98.0,25.2,23.9,1.0,6030.0,1458.0,792.0,3240.0,11376.0,115506.0,204156.0,0.0,2320.0,8597.0,3575.0,1468.0,6465.0,5427.0,2961.0,1245.0,0.0,2352.0
2022-08-22,1005.1,77.0,25.7,25.1,0.9,1836.0,36.0,72.0,1620.0,6372.0,50292.0,63252.0,0.0,768.0,9048.0,3472.0,2222.0,7367.0,5575.0,3533.0,1745.0,0.0,3566.0
2022-08-23,1006.0,90.0,26.0,25.8,0.5,5472.0,684.0,324.0,2466.0,6858.0,55728.0,94752.0,18.0,660.0,9760.0,3974.0,1685.0,7403.0,5731.0,3549.0,1269.0,2056.0,4458.0
2022-08-24,1007.4,89.0,24.7,26.7,1.8,5436.0,756.0,216.0,1710.0,5850.0,38034.0,85482.0,0.0,1564.0,8444.0,3606.0,1884.0,7386.0,6307.0,3900.0,1439.0,0.0,3816.0
2022-08-25,1007.2,83.0,25.2,26.6,1.0,2106.0,684.0,450.0,162.0,2034.0,23292.0,54018.0,0.0,95100.0,9227.0,4294.0,2309.0,9660.0,7081.0,3714.0,1225.0,0.0,5693.0
2022-08-27,1008.7,75.0,25.4,25.7,0.5,2898.0,918.0,360.0,1458.0,4770.0,46800.0,25938.0,18.0,1270.0,11002.0,3822.0,1686.0,9855.0,8490.0,4728.0,3379.0,1111.0,4109.0
2022-08-29,1014.4,81.0,26.0,26.8,1.1,1332.0,126.0,162.0,828.0,4104.0,30366.0,115290.0,0.0,97908.0,10413.0,4429.0,1691.0,10899.0,9260.0,6099.0,1318.0,0.0,5711.0
2022-08-30,1010.2,92.0,26.5,26.7,0.9,36.0,0.0,36.0,90.0,162.0,5724.0,43506.0,18.0,108982.0,8056.0,0.0,1444.0,16222.0,10926.0,4273.0,1242.0,6667.0,5706.0
2022-08-31,1007.2,91.0,25.5,26.3,0.9,864.0,288.0,162.0,3060.0,14472.0,113490.0,142110.0,54.0,71918.0,10273.0,5434.0,1920.0,9694.0,6943.0,4576.0,1746.0,3889.0,5615.0
2022-09-01,1012.4,82.0,25.3,26.3,1.5,774.0,126.0,126.0,234.0,1548.0,26928.0,7812.0,0.0,852.0,10880.0,3651.0,1048.0,18419.0,9256.0,5105.0,4285.0,0.0,5023.0
2022-09-02,1014.2,91.0,24.7,26.1,1.8,1962.0,0.0,0.0,918.0,2124.0,16578.0,12636.0,36.0,41318.0,9697.0,0.0,0.0,12810.0,11509.0,5921.0,1718.0,3583.0,5755.0
2022-09-04,1009.9,95.0,27.5,26.5,1.9,36.0,18.0,0.0,1620.0,9666.0,83340.0,57006.0,0.0,12620.0,6389.0,3667.0,0.0,7293.0,6866.0,4004.0,1429.0,0.0,5554.0
2022-09-05,1002.4,90.0,28.1,26.3,3.6,0.0,0.0,0.0,0.0,0.0,0.0,234.0,0.0,149656.0,0.0,0.0,0.0,0.0,0.0,0.0,2910.0,0.0,5649.0
2022-09-06,998.1,77.0,25.5,25.1,4.4,0.0,0.0,0.0,0.0,0.0,0.0,0.0,0.0,0.0,0.0,0.0,0.0,0.0,0.0,0.0,0.0,0.0,0.0
2022-09-07,1016.0,63.0,24.7,25.3,0.9,54.0,0.0,0.0,0.0,0.0,0.0,0.0,0.0,70480.0,5556.0,0.0,0.0,0.0,0.0,0.0,0.0,0.0,5693.0
2022-09-08,1016.7,75.0,23.6,24.6,1.1,270.0,72.0,18.0,900.0,3384.0,24642.0,43344.0,0.0,154.0,11733.0,3819.0,1111.0,16256.0,7968.0,4518.0,1550.0,0.0,5260.0
2022-09-09,1016.5,79.0,23.5,23.9,1.5,792.0,432.0,288.0,360.0,1854.0,8064.0,38484.0,0.0,120.0,10150.0,3782.0,1406.0,7667.0,7162.0,4047.0,1178.0,0.0,5000.0
2022-09-14,1014.1,87.0,24.6,25.7,2.7,690.0,2610.0,580.0,0.0,0.0,0.0,764.0,0.0,112960.0,16086.0,7644.0,3279.0,0.0,0.0,0.0,3183.0,0.0,6081.0
2022-09-15,1011.6,88.0,24.3,24.7,2.6,0.0,18.0,0.0,0.0,0.0,0.0,18.0,0.0,35000.0,0.0,4000.0,0.0,0.0,0.0,0.0,2944.0,0.0,6033.0
2022-09-16,1009.2,95.0,24.5,24.6,1.4,72.0,0.0,0.0,0.0,0.0,0.0,180.0,0.0,3320.0,6111.0,0.0,0.0,0.0,0.0,0.0,3694.0,0.0,5343.0
2022-09-17,1007.1,92.0,25.2,24.1,0.9,1494.0,450.0,216.0,3402.0,26334.0,152640.0,147024.0,0.0,278.0,12942.0,4431.0,2083.0,8496.0,5202.0,3257.0,1451.0,0.0,5083.0
2022-09-19,994.1,80.0,25.2,23.8,4.3,0.0,0.0,0.0,0.0,0.0,0.0,22320.0,0.0,0.0,0.0,0.0,0.0,0.0,0.0,0.0,2819.0,0.0,0.0
2022-09-20,1012.3,66.0,21.5,24.0,3.8,270.0,108.0,180.0,0.0,0.0,1044.0,126.0,0.0,36396.0,10389.0,3380.0,2611.0,0.0,0.0,2523.0,3119.0,0.0,5818.0
2022-09-21,1016.6,66.0,21.2,24.6,2.0,270.0,198.0,180.0,1962.0,10296.0,123642.0,102060.0,0.0,90132.0,10204.0,5202.0,2056.0,6065.0,4770.0,2724.0,1528.0,0.0,5958.0
2022-09-22,1014.4,75.0,22.5,24.5,1.3,126.0,18.0,0.0,198.0,360.0,3474.0,1854.0,0.0,10260.0,10714.0,3056.0,0.0,16667.0,12333.0,5662.0,4343.0,0.0,6080.0
2022-09-23,1011.7,73.0,23.4,25.0,0.6,558.0,558.0,18.0,3438.0,16830.0,304704.0,161478.0,0.0,27520.0,8038.0,3435.0,2333.0,6971.0,6134.0,3317.0,2527.0,0.0,6102.0
2022-09-26,1015.9,78.0,22.6,23.8,0.5,1622.0,554.0,406.0,216.0,1278.0,8856.0,9576.0,0.0,23240.0,9223.0,7148.0,3337.0,10880.0,8721.0,6862.0,4125.0,0.0,6455.0
2022-09-27,1014.7,82.0,23.0,24.4,0.9,1278.0,306.0,576.0,1710.0,5976.0,118026.0,90036.0,18.0,9474.0,6660.0,4559.0,2125.0,11564.0,7153.0,3628.0,2616.0,2778.0,6021.0
2022-09-29,1014.1,75.0,23.4,23.9,0.4,2328.0,1296.0,1242.0,3150.0,19368.0,104616.0,79092.0,18.0,19660.0,10950.0,4637.0,3109.0,7381.0,5076.0,3577.0,1358.0,5000.0,6252.0
2022-10-01,1017.3,85.0,23.4,24.1,0.3,1368.0,882.0,810.0,2790.0,5058.0,14940.0,6534.0,0.0,19468.0,10417.0,4202.0,1456.0,6779.0,5730.0,4623.0,3727.0,0.0,5421.0
2022-10-02,1017.9,85.0,24.0,24.2,0.3,2052.0,0.0,666.0,810.0,3186.0,35586.0,15858.0,0.0,200.0,6989.0,0.0,1607.0,6133.0,5568.0,3982.0,2889.0,0.0,5000.0
2022-10-04,1012.5,90.0,23.3,23.9,1.6,5112.0,216.0,1782.0,1134.0,4590.0,31590.0,14580.0,0.0,61140.0,3245.0,5278.0,1662.0,8038.0,5899.0,4645.0,3673.0,0.0,6212.0
2022-10-05,1018.3,80.0,20.5,23.9,2.2,5358.0,1566.0,3078.0,18.0,468.0,3168.0,3132.0,72.0,21824.0,11651.0,4713.0,1657.0,6778.0,7515.0,5910.0,3077.0,5069.0,6076.0
2022-10-06,1017.8,75.0,20.7,23.9,1.3,288.0,198.0,810.0,0.0,0.0,594.0,0.0,0.0,26816.0,10872.0,4384.0,1940.0,0.0,0.0,2929.0,0.0,0.0,5864.0
2022-10-07,1017.6,67.0,19.7,23.8,1.3,1620.0,1278.0,1242.0,108.0,810.0,2448.0,24768.0,0.0,6242.0,11327.0,4348.0,1865.0,34259.0,17185.0,7412.0,983.0,0.0,5556.0
2022-10-10,1014.1,61.0,17.0,23.3,1.1,288.0,0.0,18.0,0.0,36.0,108.0,54.0,0.0,272.0,13559.0,0.0,278.0,0.0,15556.0,9630.0,4667.0,0.0,5305.0
2022-10-11,1019.8,58.0,17.3,22.6,0.9,4842.0,234.0,900.0,0.0,0.0,0.0,90.0,18.0,0.0,5459.0,3504.0,2200.0,0.0,0.0,0.0,3522.0,8333.0,0.0
2022-10-12,1024.6,68.0,19.0,23.1,1.2,3924.0,0.0,0.0,0.0,0.0,0.0,54.0,18.0,1900.0,4414.0,0.0,0.0,0.0,0.0,0.0,4259.0,5000.0,6253.0
2022-10-13,1022.7,66.0,21.1,22.9,1.8,0.0,0.0,0.0,0.0,0.0,18.0,0.0,36.0,1206.0,0.0,0.0,0.0,0.0,0.0,2500.0,0.0,7500.0,5182.0
2022-10-15,1018.3,77.0,20.7,22.0,1.0,0.0,0.0,0.0,0.0,0.0,0.0,0.0,0.0,288.0,0.0,0.0,0.0,0.0,0.0,0.0,0.0,0.0,5788.0
2022-10-16,1017.1,80.0,20.6,21.3,0.7,0.0,36.0,36.0,522.0,2664.0,15102.0,11214.0,0.0,0.0,0.0,3111.0,1472.0,12969.0,7819.0,6057.0,4353.0,0.0,0.0
2022-10-17,1015.1,64.0,19.6,22.2,0.7,1350.0,72.0,1674.0,1404.0,6696.0,37260.0,24768.0,18.0,0.0,8833.0,4528.0,1591.0,13383.0,8417.0,6458.0,4864.0,7222.0,0.0
2022-10-18,1020.0,52.0,15.7,23.5,1.5,2268.0,1818.0,2754.0,1422.0,10548.0,14544.0,27432.0,108.0,21170.0,10940.0,4086.0,3357.0,9174.0,7838.0,7068.0,1192.0,3250.0,6150.0
2022-10-19,1024.1,48.0,15.9,22.7,0.9,1458.0,792.0,4860.0,0.0,0.0,0.0,0.0,54.0,956.0,7248.0,3774.0,1692.0,0.0,0.0,0.0,0.0,5556.0,7007.0
2022-10-20,1026.8,56.0,17.8,21.9,0.6,414.0,108.0,2502.0,0.0,0.0,0.0,504.0,0.0,21730.0,5652.0,4037.0,1578.0,0.0,0.0,0.0,4821.0,0.0,6460.0
2022-10-21,1024.2,67.0,19.5,20.5,0.3,180.0,0.0,324.0,0.0,0.0,0.0,0.0,0.0,3532.0,9000.0,0.0,2475.0,0.0,0.0,0.0,0.0,0.0,5047.0
2022-10-22,1019.4,79.0,20.2,20.6,0.3,234.0,36.0,144.0,1386.0,8928.0,60660.0,23346.0,0.0,6408.0,7393.0,4444.0,2417.0,12323.0,7786.0,5396.0,4077.0,0.0,3500.0
2022-10-23,1016.5,67.0,18.9,20.4,0.8,630.0,252.0,144.0,1170.0,3402.0,20484.0,7488.0,0.0,1050.0,6405.0,3452.0,1563.0,8462.0,7483.0,5474.0,3840.0,0.0,7054.0
2022-10-24,1018.6,55.0,16.2,22.0,1.3,1692.0,1980.0,2304.0,558.0,5292.0,14580.0,6336.0,522.0,6248.0,10242.0,4612.0,1608.0,11810.0,8077.0,6910.0,4343.0,6646.0,4218.0
2022-10-25,1025.8,64.0,15.8,22.2,2.2,1260.0,2870.0,3466.0,666.0,2448.0,14130.0,6552.0,720.0,4432.0,8171.0,3895.0,1595.0,11197.0,8351.0,6175.0,4516.0,5750.0,4629.0
2022-10-27,1024.0,65.0,19.0,21.2,0.7,450.0,756.0,576.0,1494.0,5058.0,15660.0,569844.0,288.0,140.0,8684.0,3226.0,1953.0,16663.0,8776.0,6879.0,898.0,6597.0,6700.0
2022-10-28,1024.6,77.0,18.8,22.0,1.0,1116.0,396.0,1026.0,9144.0,21600.0,120798.0,356526.0,918.0,8150.0,8297.0,5149.0,1742.0,8671.0,7521.0,5431.0,1137.0,6983.0,7430.0
2022-10-29,1025.4,70.0,18.7,21.6,1.5,18.0,216.0,36.0,1602.0,3492.0,16236.0,152208.0,18.0,1676.0,5556.0,2981.0,833.0,8670.0,7169.0,5765.0,1014.0,2778.0,4342.0
2022-10-31,1022.9,68.0,18.4,20.2,1.5,1224.0,288.0,2178.0,4050.0,12078.0,77796.0,650808.0,540.0,100.0,7628.0,4111.0,2412.0,7781.0,6086.0,5040.0,953.0,6270.0,7740.0
2022-11-01,1020.2,67.0,18.5,20.4,0.9,234.0,594.0,720.0,5742.0,15786.0,76824.0,414648.0,1296.0,260.0,7218.0,4667.0,2296.0,7343.0,6036.0,5082.0,1110.0,5125.0,6050.0
2022-11-02,1019.3,65.0,18.4,22.5,0.6,4014.0,1854.0,6246.0,3258.0,5058.0,25200.0,93690.0,1512.0,624.0,8473.0,3641.0,2123.0,6474.0,5931.0,5401.0,1318.0,5813.0,6056.0
2022-11-03,1016.9,56.0,18.6,22.6,0.5,2286.0,1458.0,4374.0,2376.0,21006.0,115578.0,933828.0,1620.0,1948.0,3427.0,3916.0,1673.0,8213.0,5374.0,4423.0,915.0,5956.0,6141.0
2022-11-04,1019.2,51.0,14.5,22.3,0.9,4770.0,306.0,1332.0,4176.0,9090.0,203058.0,1054380.0,252.0,4840.0,4813.0,4444.0,1715.0,8256.0,6421.0,4953.0,1324.0,5139.0,7304.0
2022-11-05,1022.9,40.0,13.7,21.3,1.1,810.0,558.0,1620.0,1170.0,2898.0,72918.0,645282.0,18.0,4824.0,7494.0,4043.0,1641.0,10358.0,7216.0,5133.0,890.0,5278.0,7488.0
2022-11-07,1022.6,59.0,16.2,22.1,0.5,1044.0,1854.0,4680.0,594.0,4284.0,47574.0,1028070.0,1134.0,926.0,8975.0,3823.0,1503.0,16542.0,7898.0,5784.0,722.0,5813.0,6605.0
2022-11-08,1024.3,57.0,17.6,21.6,0.4,162.0,468.0,234.0,72.0,1494.0,9540.0,1276146.0,90.0,850.0,10370.0,4002.0,1645.0,15069.0,8491.0,6029.0,589.0,3611.0,4580.0
2022-11-09,1024.6,63.0,17.4,19.6,0.4,162.0,162.0,18.0,216.0,504.0,7074.0,1191294.0,0.0,198.0,9660.0,4432.0,2222.0,18935.0,13615.0,6969.0,592.0,0.0,5556.0
2022-11-10,1024.1,56.0,18.2,19.7,0.3,1854.0,18.0,1692.0,72.0,468.0,4734.0,571122.0,540.0,1426.0,6926.0,3500.0,1804.0,12917.0,10209.0,7660.0,735.0,5269.0,6825.0
2022-11-11,1025.4,75.0,19.4,19.9,0.7,522.0,180.0,486.0,0.0,0.0,0.0,4032.0,36.0,728.0,10479.0,4944.0,1516.0,0.0,0.0,0.0,2391.0,4028.0,6783.0
2022-11-12,1018.8,90.0,19.1,18.7,0.6,1444.0,36.0,18.0,0.0,36.0,0.0,18.0,54.0,126.0,7811.0,3667.0,833.0,0.0,7222.0,0.0,2222.0,5759.0,4960.0
2022-11-14,1016.9,69.0,15.8,21.1,2.0,1152.0,216.0,1404.0,2358.0,4716.0,11448.0,213858.0,252.0,324.0,13383.0,4699.0,2029.0,9495.0,9050.0,9060.0,888.0,6369.0,3716.0
2022-11-15,1016.5,56.0,13.8,20.9,1.5,1620.0,0.0,900.0,0.0,0.0,0.0,612.0,378.0,20.0,8501.0,0.0,2111.0,0.0,0.0,0.0,4077.0,6616.0,7500.0
2022-11-16,1019.9,60.0,15.3,19.6,0.8,612.0,522.0,2106.0,252.0,666.0,9630.0,771156.0,144.0,0.0,14779.0,5716.0,1837.0,12683.0,13101.0,7635.0,567.0,9736.0,0.0
2022-11-17,1023.2,55.0,15.4,18.0,0.6,2448.0,666.0,1152.0,2196.0,5148.0,58554.0,1314900.0,432.0,0.0,9031.0,3752.0,1996.0,12074.0,8843.0,6102.0,686.0,7076.0,0.0
2022-11-19,1021.3,64.0,18.6,19.3,1.4,612.0,808.0,1708.0,2196.0,31032.0,25290.0,817806.0,684.0,20.0,12212.0,5413.0,1756.0,8635.0,5703.0,4584.0,486.0,8279.0,6750.0
2022-11-20,1019.1,72.0,18.0,20.1,1.1,54.0,0.0,18.0,26136.0,45396.0,187794.0,495828.0,0.0,200.0,3630.0,0.0,2667.0,5630.0,4745.0,4615.0,677.0,0.0,6550.0
2022-11-22,1018.7,76.0,17.4,20.6,0.8,4086.0,414.0,5184.0,3654.0,10692.0,49788.0,542466.0,486.0,60.0,10400.0,5135.0,2028.0,6804.0,6426.0,5700.0,812.0,9455.0,7667.0
2022-11-23,1014.8,70.0,17.2,20.9,1.5,504.0,648.0,1548.0,3672.0,27162.0,75258.0,310116.0,270.0,108.0,8742.0,4421.0,1925.0,7761.0,5842.0,5123.0,811.0,6941.0,3806.0
2022-11-24,1019.9,48.0,15.9,20.3,1.0,1008.0,90.0,1296.0,6192.0,25488.0,72666.0,233118.0,882.0,0.0,9846.0,3167.0,2636.0,7908.0,5785.0,5368.0,927.0,6443.0,0.0
2022-11-25,1018.8,69.0,17.1,19.9,0.6,1188.0,18.0,1440.0,1836.0,7758.0,44496.0,1836.0,720.0,20.0,9646.0,4444.0,2632.0,7645.0,6509.0,5528.0,3328.0,5778.0,6500.0
2022-11-26,1015.8,60.0,17.3,19.7,0.4,288.0,36.0,36.0,2520.0,10260.0,115650.0,910692.0,324.0,0.0,6441.0,2917.0,2500.0,7329.0,6243.0,5368.0,774.0,8127.0,0.0
2022-11-27,1020.0,58.0,16.0,19.3,0.6,54.0,108.0,0.0,2646.0,11412.0,99378.0,829008.0,0.0,0.0,10556.0,3889.0,0.0,5629.0,4816.0,4004.0,636.0,0.0,0.0
2022-11-28,1016.3,76.0,20.3,18.5,1.3,982.0,340.0,740.0,450.0,19872.0,67986.0,525816.0,1008.0,766.0,14122.0,7221.0,2695.0,14933.0,6319.0,5014.0,763.0,8057.0,7876.0
2022-11-30,1025.7,54.0,6.1,20.2,1.6,3186.0,306.0,1782.0,2124.0,10818.0,150156.0,505566.0,342.0,0.0,9125.0,3758.0,2025.0,7428.0,4295.0,3590.0,949.0,5152.0,0.0
2022-12-01,1028.8,55.0,4.1,18.2,1.3,36.0,0.0,36.0,3978.0,13932.0,243540.0,374778.0,432.0,140.0,7694.0,0.0,556.0,7884.0,5171.0,3878.0,1286.0,7926.0,6764.0
2022-12-03,1025.0,60.0,11.1,18.3,0.5,18.0,18.0,0.0,90.0,1656.0,12870.0,227430.0,0.0,38.0,7222.0,3889.0,0.0,9111.0,5948.0,4479.0,694.0,0.0,4868.0
2022-12-04,1026.0,52.0,9.5,17.9,0.9,0.0,0.0,0.0,2664.0,15246.0,210096.0,766062.0,0.0,0.0,0.0,0.0,0.0,7517.0,6563.0,5016.0,994.0,0.0,0.0
2022-12-05,1024.7,48.0,7.5,18.5,1.2,1170.0,90.0,2124.0,1044.0,8514.0,128232.0,63612.0,342.0,414.0,10432.0,3778.0,2140.0,8488.0,6415.0,4685.0,3594.0,7325.0,5599.0
2022-12-06,1023.6,51.0,7.7,19.1,1.0,396.0,0.0,396.0,2970.0,15354.0,179046.0,94446.0,54.0,0.0,8846.0,0.0,2465.0,9877.0,6811.0,4989.0,3894.0,7222.0,0.0
2022-12-07,1023.8,51.0,10.3,18.8,0.9,504.0,234.0,936.0,1962.0,11592.0,130788.0,146232.0,18.0,0.0,13006.0,5111.0,2218.0,10206.0,6496.0,4518.0,2145.0,4444.0,0.0
2022-12-08,1024.8,52.0,11.3,19.4,0.6,130.0,106.0,18.0,0.0,18.0,0.0,0.0,0.0,1872.0,20069.0,4736.0,1667.0,0.0,5278.0,0.0,0.0,0.0,4642.0
2022-12-09,1021.8,56.0,12.8,18.5,0.5,990.0,792.0,576.0,0.0,0.0,36.0,3870.0,5382.0,252.0,14146.0,3889.0,2330.0,0.0,0.0,1806.0,1834.0,9269.0,4865.0
2022-12-10,1018.0,63.0,12.1,17.9,0.5,18.0,0.0,0.0,0.0,0.0,0.0,0.0,1026.0,36.0,8333.0,0.0,0.0,0.0,0.0,0.0,0.0,9464.0,5278.0
2022-12-11,1019.9,54.0,10.8,17.9,1.2,0.0,0.0,0.0,0.0,0.0,0.0,0.0,0.0,0.0,0.0,0.0,0.0,0.0,0.0,0.0,0.0,0.0,0.0
2022-12-12,1018.8,74.0,11.2,18.5,1.5,54.0,18.0,0.0,0.0,0.0,450.0,0.0,3294.0,360.0,8907.0,2778.0,0.0,0.0,0.0,3889.0,0.0,9434.0,5058.0
2022-12-13,1017.9,56.0,9.5,17.1,1.3,2412.0,0.0,72.0,0.0,0.0,0.0,0.0,72.0,0.0,6957.0,0.0,1319.0,0.0,0.0,0.0,0.0,4861.0,0.0
2022-12-15,1025.2,60.0,5.3,16.8,0.9,5346.0,5292.0,1440.0,0.0,0.0,36.0,18.0,234.0,0.0,9708.0,3332.0,2056.0,0.0,0.0,2222.0,1667.0,7038.0,0.0
2022-12-16,1026.1,50.0,6.8,17.6,0.9,1368.0,162.0,1980.0,3438.0,8802.0,35190.0,668916.0,3384.0,0.0,11420.0,3444.0,2208.0,12272.0,8349.0,6336.0,644.0,9941.0,0.0
2022-12-17,1022.9,52.0,4.0,17.2,1.2,90.0,18.0,72.0,1692.0,6300.0,23760.0,461310.0,0.0,0.0,2822.0,4444.0,1389.0,10314.0,7921.0,6088.0,757.0,0.0,0.0
2022-12-19,1026.0,56.0,3.3,16.3,0.9,0.0,18.0,162.0,1908.0,4266.0,18612.0,470928.0,0.0,990.0,0.0,2778.0,741.0,9021.0,7515.0,6384.0,762.0,0.0,5252.0
2022-12-20,1025.9,55.0,6.4,16.0,0.7,1098.0,0.0,0.0,0.0,0.0,0.0,0.0,18.0,36.0,5820.0,0.0,0.0,0.0,0.0,0.0,0.0,3889.0,5833.0
2022-12-21,1011.7,77.0,9.1,16.9,0.6,126.0,144.0,36.0,1332.0,6210.0,20376.0,438948.0,4032.0,54.0,9365.0,4167.0,1944.0,24936.0,8532.0,7276.0,886.0,9653.0,5370.0
2022-12-22,1007.7,61.0,3.4,17.8,1.1,122.0,220.0,400.0,2574.0,12852.0,20646.0,504936.0,0.0,524.0,10328.0,5091.0,1320.0,11950.0,7850.0,6564.0,663.0,0.0,5061.0
2022-12-23,1010.2,59.0,0.2,16.1,1.8,3600.0,2700.0,10188.0,234.0,684.0,9558.0,64548.0,4860.0,36.0,11281.0,4969.0,1949.0,11154.0,8291.0,6270.0,1274.0,9431.0,2778.0
2022-12-24,1016.4,66.0,2.4,16.1,2.3,0.0,0.0,0.0,0.0,0.0,0.0,0.0,0.0,0.0,0.0,0.0,0.0,0.0,0.0,0.0,0.0,0.0,0.0
2022-12-25,1019.7,51.0,6.5,16.1,2.0,0.0,0.0,0.0,0.0,0.0,0.0,0.0,0.0,0.0,0.0,0.0,0.0,0.0,0.0,0.0,0.0,0.0,0.0
2022-12-26,1023.2,49.0,6.6,15.9,1.5,0.0,0.0,0.0,0.0,0.0,0.0,0.0,36.0,0.0,0.0,0.0,0.0,0.0,0.0,0.0,0.0,3778.0,0.0
2022-12-27,1026.1,44.0,7.4,15.7,1.2,0.0,0.0,0.0,0.0,0.0,0.0,0.0,0.0,0.0,0.0,0.0,0.0,0.0,0.0,0.0,0.0,0.0,0.0
2022-12-28,1027.9,54.0,6.3,15.3,1.0,108.0,18.0,36.0,666.0,1854.0,16956.0,549072.0,0.0,36.0,4815.0,3056.0,2222.0,10541.0,18047.0,7853.0,684.0,0.0,6444.0
2022-12-29,1031.0,58.0,4.8,15.0,0.9,738.0,36.0,18.0,1674.0,3402.0,38502.0,736206.0,18.0,108.0,7178.0,4167.0,556.0,17709.0,9636.0,6454.0,734.0,6222.0,4676.0
2022-12-30,1030.7,55.0,5.7,15.1,0.7,36.0,144.0,18.0,2448.0,4320.0,48276.0,642468.0,0.0,216.0,7778.0,3889.0,2222.0,10882.0,7710.0,5706.0,790.0,0.0,4773.0
2022-12-31,1029.4,57.0,5.5,16.0,0.7,0.0,0.0,0.0,972.0,2808.0,32454.0,635556.0,0.0,36.0,0.0,0.0,0.0,8477.0,7270.0,5246.0,672.0,0.0,4583.0
2023-01-02,1028.3,41.0,6.4,15.9,0.9,3204.0,396.0,6048.0,1602.0,5976.0,63522.0,698364.0,2502.0,128.0,12171.0,3939.0,2212.0,8738.0,7669.0,5591.0,773.0,10595.0,4305.0
2023-01-03,1027.1,47.0,5.3,15.1,1.0,92646.0,18.0,6156.0,450.0,4716.0,28062.0,446982.0,2628.0,198.0,20570.0,4444.0,2688.0,15489.0,7490.0,4949.0,720.0,10407.0,5606.0
2023-01-04,1029.1,53.0,6.0,14.8,0.8,6516.0,5166.0,3366.0,5346.0,9324.0,52974.0,375966.0,306.0,90.0,13011.0,3337.0,2334.0,9580.0,8320.0,5470.0,1027.0,5752.0,5178.0
2023-01-06,1022.3,58.0,8.5,15.3,0.6,5130.0,576.0,6012.0,180.0,756.0,12870.0,368226.0,486.0,900.0,11394.0,4792.0,2388.0,24167.0,14762.0,6915.0,713.0,6430.0,2222.0
2023-01-07,1018.3,55.0,8.7,15.5,1.0,1476.0,1242.0,72.0,630.0,1332.0,12276.0,194508.0,36.0,468.0,16131.0,4722.0,278.0,16238.0,9107.0,6858.0,912.0,6944.0,4699.0
2023-01-09,1022.4,64.0,12.6,16.2,0.6,10818.0,0.0,0.0,288.0,558.0,3348.0,61812.0,522.0,0.0,7842.0,0.0,0.0,16181.0,9548.0,7196.0,1318.0,7751.0,0.0
2023-01-10,1027.3,63.0,10.1,14.8,1.2,252.0,0.0,18.0,1926.0,5688.0,37692.0,830070.0,0.0,0.0,4992.0,0.0,1944.0,12801.0,8767.0,6861.0,738.0,0.0,0.0
2023-01-11,1025.3,68.0,11.6,14.6,0.6,18.0,18.0,0.0,4104.0,19638.0,56304.0,978696.0,1854.0,432.0,6667.0,4000.0,0.0,10158.0,7586.0,6137.0,766.0,11607.0,5456.0
2023-01-12,1022.8,80.0,13.4,14.4,0.4,0.0,0.0,0.0,2880.0,16380.0,35334.0,757818.0,0.0,648.0,0.0,0.0,0.0,9368.0,7168.0,5774.0,679.0,0.0,4594.0
2023-01-13,1011.6,94.0,15.8,14.7,2.1,1440.0,1872.0,36.0,2322.0,6084.0,38628.0,1047216.0,1602.0,450.0,14219.0,3611.0,2500.0,10590.0,7902.0,5824.0,707.0,12336.0,4367.0
2023-01-14,1012.0,89.0,13.0,15.5,1.8,504.0,558.0,126.0,1332.0,4086.0,18558.0,1232478.0,18.0,20.0,13204.0,3398.0,2222.0,9679.0,7046.0,5533.0,594.0,1667.0,2100.0
2023-01-15,1014.6,84.0,9.1,15.5,1.8,0.0,0.0,0.0,1908.0,4248.0,25848.0,907674.0,0.0,0.0,0.0,0.0,0.0,9974.0,6413.0,4986.0,578.0,0.0,0.0
2023-01-16,1020.3,63.0,4.7,15.0,1.7,522.0,792.0,2826.0,3330.0,11394.0,70884.0,647028.0,1422.0,72.0,10259.0,4601.0,2190.0,9256.0,6306.0,3856.0,819.0,12283.0,7069.0
2023-01-17,1023.5,53.0,5.0,15.0,1.2,648.0,486.0,1638.0,2916.0,5868.0,30546.0,496836.0,864.0,0.0,15809.0,5648.0,2778.0,10507.0,7540.0,5672.0,957.0,11860.0,0.0
2023-01-18,1024.9,60.0,5.4,14.7,0.9,18.0,18.0,18.0,0.0,0.0,2178.0,0.0,630.0,216.0,11111.0,5556.0,2222.0,0.0,0.0,3424.0,0.0,11694.0,5218.0
2023-01-19,1024.1,57.0,5.8,15.6,0.7,612.0,72.0,954.0,540.0,1044.0,8334.0,284454.0,18.0,108.0,11701.0,4028.0,2352.0,21370.0,10551.0,7098.0,1033.0,3889.0,3472.0
2023-01-20,1024.6,53.0,6.7,16.1,0.9,1710.0,306.0,36.0,504.0,1494.0,6336.0,200952.0,18.0,20.0,9592.0,3663.0,1722.0,17706.0,8948.0,6294.0,889.0,5556.0,9000.0
2023-01-26,1023.3,58.0,3.6,13.9,0.8,1512.0,684.0,846.0,108.0,1260.0,4302.0,738.0,18.0,0.0,14476.0,3667.0,2611.0,17778.0,8817.0,5168.0,1687.0,8333.0,0.0
2023-01-27,1018.7,53.0,2.2,13.5,1.1,54.0,162.0,18.0,270.0,504.0,2322.0,189612.0,0.0,288.0,7778.0,3463.0,1389.0,21852.0,7865.0,6143.0,862.0,0.0,3882.0
2023-01-28,1021.2,57.0,0.3,13.1,1.4,0.0,54.0,0.0,2502.0,6606.0,33156.0,479286.0,0.0,60.0,0.0,4074.0,0.0,12979.0,8221.0,6656.0,838.0,0.0,6500.0
2023-01-30,1022.0,41.0,5.5,13.6,0.9,900.0,522.0,324.0,3780.0,11808.0,26604.0,241524.0,126.0,1020.0,15369.0,3745.0,2191.0,8896.0,8020.0,6544.0,868.0,6270.0,7711.0
2023-01-31,1019.8,55.0,7.8,14.0,0.8,0.0,0.0,0.0,0.0,0.0,0.0,0.0,0.0,18.0,0.0,0.0,0.0,0.0,0.0,0.0,0.0,0.0,5000.0
2023-02-01,1016.1,58.0,11.4,13.8,0.9,4824.0,14706.0,522.0,1062.0,1980.0,13608.0,6174.0,0.0,494.0,15841.0,3799.0,2611.0,17914.0,9482.0,6967.0,5875.0,0.0,6267.0
2023-02-02,1023.7,54.0,6.6,14.1,1.2,104850.0,12798.0,10206.0,0.0,162.0,1422.0,22932.0,18.0,198.0,17453.0,4239.0,1940.0,0.0,10185.0,5390.0,1117.0,6667.0,7071.0
2023-02-03,1020.4,61.0,7.8,14.4,1.0,180.0,36.0,0.0,0.0,0.0,0.0,414.0,36.0,20.0,8106.0,4028.0,0.0,0.0,0.0,0.0,4239.0,6556.0,5500.0
2023-02-04,1023.1,44.0,6.3,14.0,0.9,34560.0,3384.0,1548.0,36.0,2934.0,1422.0,1998.0,3204.0,40.0,7829.0,3801.0,4722.0,9444.0,12904.0,8654.0,9071.0,12777.0,4875.0
2023-02-06,1021.1,55.0,9.8,13.8,0.4,3924.0,54.0,468.0,108.0,324.0,3528.0,900.0,2304.0,252.0,7907.0,5111.0,2970.0,13148.0,11358.0,6332.0,4783.0,12368.0,5175.0
2023-02-07,1019.0,72.0,11.4,13.8,1.0,18.0,0.0,0.0,18.0,0.0,0.0,522.0,108.0,126.0,8056.0,0.0,0.0,13889.0,0.0,0.0,4571.0,8611.0,4016.0
2023-02-08,1024.0,53.0,10.9,14.4,0.7,0.0,0.0,0.0,0.0,0.0,0.0,0.0,2250.0,54.0,0.0,0.0,0.0,0.0,0.0,0.0,0.0,14364.0,3556.0
2023-02-09,1025.7,66.0,10.3,14.6,1.3,3222.0,18.0,0.0,0.0,0.0,0.0,1170.0,0.0,18.0,8998.0,3333.0,0.0,0.0,0.0,0.0,4207.0,0.0,2778.0
2023-02-11,1022.5,70.0,9.9,14.7,0.8,0.0,0.0,18.0,0.0,0.0,0.0,0.0,2556.0,180.0,0.0,0.0,1667.0,0.0,0.0,0.0,0.0,13803.0,4889.0
2023-02-13,1015.7,77.0,9.9,14.2,2.1,2052.0,0.0,594.0,3312.0,2826.0,2484.0,2754.0,0.0,20.0,10860.0,0.0,2333.0,14306.0,11053.0,9174.0,5754.0,0.0,7500.0
2023-02-14,1020.6,72.0,8.2,14.2,1.5,3024.0,0.0,18.0,0.0,0.0,0.0,72.0,1512.0,90.0,7870.0,0.0,1944.0,0.0,0.0,0.0,1347.0,14563.0,5667.0
2023-02-16,1030.1,67.0,8.8,14.0,1.3,486.0,162.0,0.0,0.0,0.0,342.0,0.0,54.0,18.0,18385.0,5667.0,0.0,0.0,0.0,4681.0,0.0,14722.0,3889.0
2023-02-17,1027.0,75.0,9.6,14.1,0.6,2178.0,468.0,1998.0,54.0,36.0,198.0,13554.0,450.0,200.0,12516.0,3453.0,2889.0,23148.0,28889.0,6333.0,2523.0,9822.0,4025.0
2023-02-18,1019.5,94.0,11.4,14.2,1.0,846.0,0.0,0.0,5382.0,3456.0,12510.0,594.0,2358.0,436.0,7540.0,0.0,0.0,11553.0,10594.0,9559.0,2335.0,14772.0,4729.0
2023-02-21,1032.3,55.0,5.1,13.5,1.4,1116.0,0.0,1152.0,0.0,108.0,1764.0,69498.0,252.0,100.0,16144.0,0.0,3384.0,0.0,11139.0,5391.0,1552.0,8635.0,5150.0
2023-02-22,1029.5,58.0,8.5,13.5,1.0,0.0,0.0,0.0,0.0,0.0,0.0,0.0,0.0,18.0,0.0,0.0,0.0,0.0,0.0,0.0,0.0,0.0,2778.0
2023-02-23,1022.2,73.0,10.1,13.6,0.4,1440.0,558.0,324.0,0.0,0.0,0.0,0.0,90.0,0.0,16774.0,3222.0,2611.0,0.0,0.0,0.0,0.0,8222.0,0.0
2023-02-24,1021.4,50.0,11.0,13.9,0.6,18.0,54.0,0.0,900.0,378.0,900.0,65826.0,288.0,0.0,6667.0,3463.0,0.0,27500.0,17593.0,10528.0,1345.0,16736.0,0.0
2023-02-25,1028.6,49.0,7.2,14.5,1.1,252.0,900.0,0.0,1188.0,900.0,1836.0,274698.0,0.0,474.0,11571.0,4333.0,0.0,17727.0,14386.0,10131.0,1214.0,0.0,5633.0
2023-02-27,1033.8,56.0,10.0,14.6,0.6,738.0,108.0,540.0,0.0,36.0,468.0,100620.0,2502.0,90.0,9588.0,6667.0,2643.0,0.0,3611.0,5513.0,1089.0,15636.0,3167.0
2023-02-28,1027.3,73.0,11.8,14.2,0.7,18.0,0.0,0.0,72.0,198.0,1422.0,243882.0,0.0,20.0,8333.0,0.0,0.0,13611.0,10919.0,5667.0,1142.0,0.0,5750.0
2023-03-01,1020.1,68.0,12.3,14.1,0.8,90.0,0.0,0.0,0.0,18.0,162.0,171612.0,774.0,126.0,5667.0,0.0,0.0,0.0,18333.0,8056.0,979.0,16143.0,4302.0
2023-03-02,1025.7,37.0,7.4,14.9,1.0,35532.0,108.0,1602.0,1476.0,2898.0,12582.0,300168.0,3366.0,1174.0,20942.0,4630.0,2967.0,17409.0,13295.0,8144.0,1090.0,14262.0,3499.0
2023-03-03,1026.8,47.0,9.1,14.9,0.8,972.0,72.0,1368.0,0.0,18.0,1800.0,189162.0,468.0,56.0,14239.0,5000.0,3023.0,0.0,11111.0,4111.0,1017.0,14179.0,5107.0
2023-03-06,1023.6,71.0,12.8,15.5,0.6,47754.0,432.0,72.0,7470.0,81450.0,154620.0,64674.0,1620.0,826.0,24295.0,4685.0,1528.0,7054.0,4739.0,4823.0,1194.0,16701.0,3213.0
2023-03-07,1022.4,78.0,14.0,15.1,0.6,126018.0,882.0,216.0,6138.0,16272.0,60120.0,97560.0,0.0,20.0,17701.0,4762.0,1736.0,6293.0,5062.0,4874.0,1121.0,0.0,7500.0
2023-03-08,1021.3,82.0,15.2,15.0,0.7,19908.0,810.0,0.0,396.0,8316.0,23364.0,96120.0,846.0,36.0,10301.0,3642.0,0.0,6944.0,4879.0,4589.0,1059.0,16277.0,3667.0
2023-03-10,1020.6,94.0,14.4,15.4,0.8,612.0,702.0,0.0,0.0,0.0,0.0,7218.0,342.0,76.0,13711.0,3464.0,0.0,0.0,0.0,0.0,3877.0,11070.0,5724.0
2023-03-11,1023.0,96.0,14.8,15.7,0.4,0.0,0.0,0.0,0.0,0.0,0.0,0.0,0.0,0.0,0.0,0.0,0.0,0.0,0.0,0.0,0.0,0.0,0.0
2023-03-14,1021.0,63.0,12.1,15.7,0.6,2538.0,2862.0,0.0,72.0,756.0,1584.0,255078.0,90.0,80.0,9710.0,3444.0,0.0,12500.0,11037.0,8277.0,1032.0,7889.0,4963.0
2023-03-15,1021.2,83.0,16.1,15.6,1.3,7830.0,54.0,0.0,6318.0,4086.0,15012.0,287154.0,18.0,40.0,10483.0,4074.0,0.0,9565.0,9760.0,8097.0,1781.0,3667.0,8850.0
2023-03-17,1022.0,72.0,12.2,15.4,1.2,1224.0,2196.0,738.0,1476.0,1998.0,4158.0,40266.0,270.0,74.0,14114.0,4140.0,2377.0,13068.0,11549.0,8223.0,1480.0,15537.0,3824.0
2023-03-18,1017.6,64.0,12.5,15.5,1.0,0.0,0.0,0.0,0.0,0.0,0.0,0.0,1674.0,126.0,0.0,0.0,0.0,0.0,0.0,0.0,0.0,16197.0,3548.0
2023-03-20,1016.3,70.0,14.0,15.3,0.3,0.0,0.0,0.0,0.0,0.0,0.0,0.0,108.0,54.0,0.0,0.0,0.0,0.0,0.0,0.0,0.0,14148.0,3333.0
2023-03-21,1012.3,84.0,15.1,14.7,0.4,48150.0,2754.0,18.0,16632.0,80694.0,109926.0,108594.0,432.0,150.0,17857.0,3863.0,1667.0,5143.0,4493.0,4490.0,1223.0,17699.0,4233.0
2023-03-22,1010.4,93.0,16.3,14.8,0.7,5580.0,0.0,0.0,11214.0,28170.0,70722.0,163044.0,108.0,0.0,20444.0,0.0,0.0,4776.0,4525.0,4546.0,1296.0,15000.0,0.0
2023-03-24,1014.9,82.0,14.1,16.6,1.8,360.0,1458.0,0.0,11304.0,31464.0,59274.0,70038.0,126.0,54.0,11069.0,2889.0,0.0,3248.0,3292.0,3512.0,1620.0,14722.0,3926.0
2023-03-25,1018.3,74.0,13.1,16.6,1.9,90.0,36.0,18.0,468.0,2178.0,4032.0,148050.0,0.0,0.0,11222.0,2778.0,1111.0,7560.0,4969.0,3812.0,1029.0,0.0,0.0
2023-03-27,1019.9,50.0,12.8,16.2,0.7,1134.0,0.0,0.0,0.0,54.0,162.0,48204.0,54.0,80.0,10886.0,0.0,0.0,0.0,10000.0,6204.0,1491.0,9519.0,8250.0
2023-03-28,1023.6,62.0,14.2,16.3,0.4,774.0,414.0,0.0,72.0,144.0,22248.0,511140.0,666.0,1060.0,13099.0,3676.0,0.0,17778.0,11021.0,2807.0,902.0,16248.0,5127.0
2023-03-29,1022.2,67.0,14.8,16.3,0.3,0.0,0.0,0.0,18.0,144.0,792.0,790512.0,126.0,1418.0,0.0,0.0,0.0,10000.0,15000.0,11400.0,755.0,18746.0,4291.0
2023-03-30,1019.3,75.0,15.4,16.2,0.3,1026.0,234.0,0.0,0.0,36.0,666.0,600732.0,54.0,2434.0,25019.0,3632.0,0.0,0.0,7528.0,9432.0,510.0,18704.0,3079.0
2023-03-31,1017.7,67.0,17.0,16.3,0.4,234.0,0.0,0.0,180.0,1512.0,2610.0,1145094.0,468.0,1042.0,20235.0,0.0,0.0,12067.0,8708.0,6343.0,429.0,17647.0,4151.0
2023-04-03,1022.8,76.0,14.7,15.9,2.3,792.0,234.0,36.0,2358.0,11754.0,14022.0,230148.0,1080.0,854.0,15186.0,3611.0,2083.0,10272.0,8168.0,7500.0,602.0,15722.0,3814.0
2023-04-05,1012.5,91.0,16.5,16.1,2.3,162.0,18.0,0.0,0.0,0.0,0.0,0.0,0.0,0.0,3457.0,3333.0,0.0,0.0,0.0,0.0,0.0,0.0,0.0
2023-04-06,1011.1,83.0,13.4,15.6,1.6,0.0,0.0,0.0,0.0,0.0,0.0,0.0,0.0,0.0,0.0,0.0,0.0,0.0,0.0,0.0,0.0,0.0,0.0
2023-04-07,1012.6,64.0,14.0,15.6,0.9,198.0,0.0,0.0,0.0,0.0,0.0,1080.0,18.0,0.0,7374.0,0.0,0.0,0.0,0.0,0.0,1472.0,11389.0,0.0
2023-04-08,1018.9,45.0,12.0,15.5,1.0,0.0,0.0,0.0,0.0,0.0,0.0,0.0,0.0,0.0,0.0,0.0,0.0,0.0,0.0,0.0,0.0,0.0,0.0
2023-04-10,1017.9,72.0,14.9,15.2,0.7,0.0,0.0,0.0,0.0,0.0,0.0,0.0,0.0,0.0,0.0,0.0,0.0,0.0,0.0,0.0,0.0,0.0,0.0
2023-04-11,1013.5,90.0,16.8,15.2,1.3,360.0,90.0,0.0,234.0,2268.0,1908.0,3924.0,0.0,0.0,10981.0,4500.0,0.0,30556.0,12566.0,8853.0,2520.0,0.0,0.0
2023-04-12,1016.2,52.0,15.3,15.3,0.9,0.0,0.0,0.0,0.0,0.0,0.0,0.0,0.0,0.0,0.0,0.0,0.0,0.0,0.0,0.0,0.0,0.0,0.0
2023-04-13,1018.0,63.0,15.2,15.3,0.4,72.0,18.0,0.0,432.0,1296.0,4680.0,59364.0,486.0,0.0,12917.0,3889.0,0.0,16690.0,10463.0,8299.0,2685.0,20412.0,0.0
2023-04-14,1014.0,88.0,15.6,15.4,0.5,1098.0,702.0,198.0,3510.0,23778.0,108738.0,294048.0,936.0,0.0,11468.0,4155.0,2374.0,6999.0,5573.0,4786.0,2716.0,18485.0,0.0
2023-04-15,1003.9,88.0,15.2,15.8,0.9,18.0,54.0,0.0,5544.0,28584.0,78606.0,27792.0,666.0,0.0,9444.0,4278.0,0.0,5178.0,4261.0,4144.0,3022.0,19782.0,0.0
2023-04-20,1009.2,91.0,18.1,17.1,0.8,36.0,180.0,342.0,648.0,3402.0,8604.0,48510.0,0.0,0.0,21111.0,3839.0,2333.0,11049.0,7188.0,6538.0,2779.0,0.0,0.0
2023-04-21,1011.1,71.0,16.5,16.3,1.9,198.0,522.0,1782.0,2880.0,19386.0,58662.0,279270.0,0.0,0.0,10596.0,4011.0,2655.0,8696.0,6688.0,6090.0,2538.0,0.0,0.0
2023-04-22,1019.2,62.0,14.9,15.5,2.6,18.0,36.0,0.0,936.0,11322.0,36828.0,44910.0,720.0,0.0,5556.0,4444.0,0.0,5829.0,5174.0,4898.0,2349.0,17999.0,0.0
2023-04-24,1023.5,64.0,15.4,16.3,1.8,0.0,0.0,0.0,0.0,0.0,0.0,0.0,180.0,0.0,0.0,0.0,0.0,0.0,0.0,0.0,0.0,13861.0,0.0
2023-04-25,1014.6,82.0,12.8,16.2,1.3,0.0,0.0,0.0,0.0,0.0,0.0,0.0,0.0,0.0,0.0,0.0,0.0,0.0,0.0,0.0,0.0,0.0,0.0
2023-04-26,1012.9,70.0,14.4,15.9,0.8,0.0,0.0,0.0,18.0,234.0,1512.0,198558.0,0.0,0.0,0.0,0.0,0.0,7778.0,6966.0,6075.0,1587.0,0.0,0.0
2023-04-27,1020.7,78.0,15.5,16.0,0.6,324.0,144.0,234.0,7812.0,17892.0,62964.0,814422.0,288.0,0.0,12083.0,4375.0,2714.0,6843.0,6058.0,5649.0,1790.0,10972.0,0.0
2023-04-28,1018.1,89.0,16.7,16.6,0.3,36.0,630.0,0.0,5760.0,19332.0,48942.0,590652.0,0.0,0.0,8194.0,3527.0,0.0,6554.0,5292.0,5115.0,1691.0,0.0,0.0
2023-04-29,1007.8,94.0,16.7,16.0,1.1,72.0,270.0,3312.0,13032.0,42714.0,136512.0,326268.0,0.0,0.0,6250.0,3259.0,2003.0,5067.0,4775.0,4597.0,1968.0,0.0,0.0
2023-05-01,1017.1,70.0,16.2,15.9,0.7,0.0,0.0,0.0,0.0,0.0,0.0,0.0,486.0,0.0,0.0,0.0,0.0,0.0,0.0,0.0,0.0,17428.0,0.0
2023-05-02,1023.8,82.0,16.7,16.7,0.5,0.0,0.0,0.0,0.0,0.0,0.0,0.0,0.0,0.0,0.0,0.0,0.0,0.0,0.0,0.0,0.0,0.0,0.0
2023-05-03,1022.8,86.0,17.1,17.0,0.5,54.0,648.0,0.0,162.0,90.0,2556.0,2862.0,1314.0,0.0,7963.0,3167.0,0.0,11111.0,7222.0,6378.0,3002.0,18166.0,0.0
2023-05-04,1016.9,93.0,17.2,16.4,1.0,0.0,0.0,0.0,144.0,468.0,1044.0,2268.0,0.0,0.0,0.0,0.0,0.0,11111.0,9556.0,8059.0,3916.0,0.0,0.0
2023-05-05,1006.2,92.0,18.4,15.6,2.4,18.0,288.0,0.0,306.0,1206.0,3744.0,16632.0,0.0,0.0,13889.0,5111.0,0.0,12876.0,9460.0,9059.0,4091.0,0.0,0.0
2023-05-06,1006.2,93.0,15.4,15.2,2.5,0.0,0.0,0.0,0.0,0.0,0.0,0.0,0.0,0.0,0.0,0.0,0.0,0.0,0.0,0.0,0.0,0.0,0.0
2023-05-08,1015.9,73.0,14.8,15.5,2.5,0.0,0.0,0.0,0.0,0.0,0.0,0.0,0.0,0.0,0.0,0.0,0.0,0.0,0.0,0.0,0.0,0.0,0.0
2023-05-10,1016.3,86.0,16.9,16.2,0.4,0.0,0.0,0.0,378.0,1566.0,4194.0,16766.0,0.0,0.0,0.0,0.0,0.0,20212.0,10584.0,9056.0,3268.0,0.0,0.0
2023-05-11,1019.0,88.0,16.5,16.0,1.1,0.0,0.0,0.0,1692.0,7488.0,34488.0,154612.0,0.0,0.0,0.0,0.0,0.0,11074.0,7041.0,6332.0,2381.0,0.0,0.0
2023-05-12,1017.9,86.0,17.0,16.5,0.9,0.0,0.0,0.0,234.0,648.0,2250.0,45144.0,72.0,0.0,0.0,0.0,0.0,10513.0,10031.0,8817.0,1621.0,13472.0,0.0
2023-05-13,1013.5,95.0,15.7,16.1,0.5,198.0,0.0,36.0,54.0,180.0,486.0,3150.0,306.0,0.0,6313.0,0.0,2333.0,10000.0,10111.0,9938.0,1996.0,10964.0,0.0
2023-05-15,1010.0,96.0,17.2,16.7,0.3,360.0,1890.0,0.0,414.0,1890.0,4608.0,33534.0,72.0,0.0,9792.0,3623.0,0.0,11461.0,8855.0,8149.0,1903.0,12500.0,0.0
2023-05-17,1015.4,99.0,17.8,16.9,0.5,0.0,0.0,0.0,0.0,0.0,0.0,0.0,0.0,0.0,0.0,0.0,0.0,0.0,0.0,0.0,0.0,0.0,0.0
2023-05-18,1010.6,98.0,18.0,17.2,0.6,0.0,0.0,0.0,0.0,0.0,0.0,0.0,270.0,0.0,0.0,0.0,0.0,0.0,0.0,0.0,0.0,14352.0,0.0
2023-05-19,1008.4,92.0,17.9,17.3,1.5,0.0,0.0,0.0,0.0,0.0,0.0,0.0,360.0,0.0,0.0,0.0,0.0,0.0,0.0,0.0,0.0,15056.0,0.0
2023-05-20,1011.5,86.0,17.9,17.6,0.9,0.0,0.0,0.0,0.0,0.0,0.0,0.0,0.0,0.0,0.0,0.0,0.0,0.0,0.0,0.0,0.0,0.0,0.0
2023-05-22,1007.6,86.0,18.0,17.6,0.6,0.0,0.0,0.0,54.0,360.0,2736.0,16074.0,0.0,0.0,0.0,0.0,0.0,14259.0,13889.0,9114.0,2632.0,0.0,0.0
2023-05-23,1010.6,83.0,17.7,17.8,0.8,36.0,72.0,0.0,270.0,10926.0,21582.0,42750.0,18.0,0.0,16667.0,4097.0,0.0,11956.0,7527.0,5238.0,1842.0,5944.0,0.0
2023-05-24,1015.5,83.0,18.3,18.0,0.4,36.0,0.0,18.0,72.0,540.0,5292.0,5958.0,0.0,0.0,9444.0,0.0,1667.0,10556.0,8889.0,6328.0,3341.0,0.0,0.0
2023-05-25,1017.5,86.0,18.7,18.5,0.4,126.0,36.0,0.0,144.0,1890.0,3150.0,13032.0,54.0,18.0,13730.0,4389.0,0.0,13264.0,7839.0,4230.0,1261.0,8519.0,5556.0
2023-05-27,1019.1,96.0,20.3,19.4,0.5,0.0,10.0,0.0,90.0,396.0,1710.0,1710.0,90.0,0.0,0.0,6600.0,0.0,11667.0,8889.0,6798.0,3445.0,10511.0,0.0
2023-05-29,1011.3,99.0,19.6,18.8,0.7,262.0,144.0,18.0,558.0,2970.0,8604.0,38574.0,72.0,0.0,6038.0,3958.0,1111.0,10376.0,8063.0,6948.0,1502.0,8750.0,0.0
2023-05-31,1011.2,86.0,19.6,19.3,1.4,270.0,0.0,0.0,270.0,936.0,6912.0,41562.0,0.0,0.0,5000.0,0.0,0.0,18333.0,9562.0,7342.0,1778.0,0.0,0.0
2023-06-01,1007.2,94.0,18.6,19.1,1.0,0.0,0.0,18.0,0.0,0.0,0.0,0.0,54.0,0.0,0.0,0.0,2500.0,0.0,0.0,0.0,0.0,8611.0,0.0
2023-06-02,1001.2,92.0,21.2,20.4,0.8,0.0,0.0,0.0,0.0,0.0,0.0,0.0,0.0,2466.0,0.0,0.0,0.0,0.0,0.0,0.0,0.0,0.0,5465.0
2023-06-03,1007.9,84.0,20.7,20.2,0.6,0.0,0.0,36.0,702.0,4392.0,12402.0,110634.0,0.0,3276.0,0.0,0.0,1389.0,8419.0,6844.0,5368.0,1421.0,0.0,4905.0
2023-06-05,1010.8,83.0,20.7,19.3,0.5,0.0,0.0,18.0,0.0,0.0,0.0,216.0,0.0,5022.0,0.0,0.0,2500.0,0.0,0.0,0.0,278.0,0.0,3980.0
2023-06-06,1007.8,88.0,19.4,18.9,0.5,0.0,0.0,54.0,0.0,90.0,324.0,4878.0,0.0,5264.0,0.0,0.0,2500.0,0.0,17222.0,8981.0,2031.0,0.0,3365.0
2023-06-07,1009.7,94.0,19.5,19.0,0.6,11214.0,0.0,126.0,18.0,108.0,252.0,6426.0,0.0,8532.0,3413.0,0.0,1611.0,8889.0,13333.0,8095.0,1798.0,0.0,3236.0
2023-06-08,1006.4,91.0,20.4,19.8,0.5,0.0,0.0,0.0,360.0,1746.0,14238.0,11844.0,0.0,18.0,0.0,0.0,0.0,8333.0,5747.0,2655.0,1875.0,0.0,16667.0
2023-06-09,1005.4,97.0,19.8,19.1,0.6,7380.0,126.0,6948.0,108.0,360.0,1548.0,21924.0,36.0,612.0,4669.0,2778.0,2100.0,17778.0,12306.0,7826.0,1760.0,6111.0,7747.0
2023-06-12,1005.9,98.0,22.2,21.9,0.6,774.0,11700.0,8010.0,126.0,1206.0,6804.0,119178.0,108.0,14310.0,10902.0,3537.0,1642.0,14762.0,7334.0,6352.0,1268.0,10046.0,2563.0
2023-06-13,1004.7,93.0,22.3,22.3,0.4,36.0,342.0,36.0,72.0,846.0,3996.0,106308.0,0.0,17478.0,8056.0,3436.0,2222.0,11250.0,11152.0,6831.0,1410.0,0.0,2480.0
2023-06-14,1006.0,92.0,22.1,22.1,0.4,1350.0,4878.0,9198.0,0.0,0.0,0.0,54.0,162.0,6228.0,8137.0,3531.0,1953.0,0.0,0.0,0.0,3259.0,12654.0,3258.0
2023-06-15,1008.9,87.0,21.9,22.4,0.4,270.0,18.0,1458.0,54.0,234.0,1062.0,43974.0,0.0,5328.0,7944.0,5111.0,1944.0,16667.0,16453.0,8670.0,1607.0,0.0,4069.0
2023-06-16,1013.1,90.0,22.0,21.9,0.4,234.0,324.0,414.0,306.0,630.0,2610.0,89316.0,0.0,9576.0,5556.0,5231.0,1630.0,9706.0,6429.0,4770.0,1057.0,0.0,3191.0
2023-06-17,1012.8,91.0,21.4,20.5,0.4,18.0,1062.0,360.0,1962.0,3726.0,13518.0,224766.0,18.0,30726.0,6667.0,3674.0,2078.0,8802.0,5507.0,4668.0,1329.0,2222.0,3219.0
2023-06-19,1007.4,92.0,22.1,21.2,1.0,2502.0,10962.0,11448.0,522.0,1818.0,3780.0,45720.0,0.0,42066.0,9477.0,3802.0,2057.0,10531.0,6684.0,4748.0,1417.0,0.0,2649.0
2023-06-20,1006.2,89.0,22.1,21.3,1.2,36.0,0.0,3168.0,1296.0,2952.0,10440.0,124578.0,0.0,0.0,5556.0,0.0,1811.0,8129.0,4199.0,4097.0,1252.0,0.0,0.0
2023-06-21,1002.3,97.0,21.7,21.3,1.2,2070.0,12798.0,17550.0,0.0,0.0,0.0,0.0,0.0,4158.0,8389.0,3800.0,1854.0,0.0,0.0,0.0,0.0,0.0,4005.0
2023-06-22,1003.5,94.0,22.0,21.8,0.9,1026.0,8442.0,6804.0,0.0,0.0,0.0,54.0,0.0,0.0,9113.0,4111.0,2233.0,0.0,0.0,0.0,2500.0,0.0,0.0
2023-06-23,1010.1,90.0,22.5,21.8,0.8,4356.0,16704.0,0.0,0.0,0.0,0.0,18.0,0.0,36.0,7474.0,3780.0,0.0,0.0,0.0,0.0,1667.0,0.0,4500.0
2023-06-24,1015.3,92.0,22.1,21.7,0.7,216.0,0.0,7128.0,0.0,0.0,0.0,36.0,0.0,0.0,7148.0,0.0,1638.0,0.0,0.0,0.0,4583.0,0.0,0.0
2023-06-26,1010.4,99.0,23.6,21.6,1.0,20754.0,3006.0,16074.0,486.0,2196.0,5382.0,165744.0,18.0,18.0,3722.0,2942.0,1538.0,7994.0,5739.0,4146.0,1086.0,2778.0,667.0
2023-06-27,1011.2,99.0,22.4,20.9,1.3,0.0,3294.0,918.0,1260.0,3492.0,10962.0,210870.0,0.0,0.0,0.0,3256.0,1379.0,7730.0,6152.0,5251.0,1132.0,0.0,0.0
2023-06-28,1010.3,96.0,21.7,21.4,0.8,0.0,0.0,0.0,0.0,0.0,0.0,0.0,0.0,0.0,0.0,0.0,0.0,0.0,0.0,0.0,0.0,0.0,0.0
2023-06-29,1005.1,99.0,23.1,21.0,1.1,0.0,0.0,0.0,0.0,0.0,0.0,0.0,0.0,198.0,0.0,0.0,0.0,0.0,0.0,0.0,0.0,0.0,2884.0
2023-06-30,1002.3,99.0,22.3,20.9,1.4,144.0,2808.0,126.0,288.0,648.0,2052.0,27504.0,0.0,0.0,8507.0,3192.0,1667.0,13264.0,8213.0,5507.0,1654.0,0.0,0.0
2023-07-03,1006.8,99.0,23.2,22.6,0.8,36.0,1782.0,0.0,1062.0,2250.0,9072.0,181584.0,18.0,0.0,9583.0,4474.0,0.0,7845.0,7052.0,6010.0,1491.0,14778.0,0.0
2023-07-04,1003.4,99.0,23.5,22.8,0.8,0.0,2538.0,108.0,126.0,252.0,1080.0,61362.0,0.0,0.0,0.0,4671.0,1500.0,15317.0,11766.0,7753.0,1713.0,0.0,0.0
2023-07-05,997.2,97.0,22.9,21.1,1.1,1224.0,3456.0,18.0,396.0,540.0,2664.0,62622.0,0.0,90.0,4636.0,4533.0,1944.0,15303.0,11657.0,8387.0,1877.0,0.0,3133.0
2023-07-06,1003.9,99.0,21.7,21.0,1.1,0.0,0.0,0.0,0.0,0.0,0.0,0.0,0.0,0.0,0.0,0.0,0.0,0.0,0.0,0.0,0.0,0.0,0.0
2023-07-08,1003.9,99.0,22.4,22.1,1.4,864.0,3240.0,1638.0,324.0,972.0,4356.0,80298.0,0.0,20.0,3314.0,3298.0,2054.0,11404.0,9315.0,7183.0,1729.0,0.0,2000.0
2023-07-10,1006.8,99.0,23.2,22.1,1.2,72.0,1242.0,324.0,288.0,1260.0,5976.0,356916.0,0.0,234.0,6694.0,3483.0,2691.0,11444.0,8225.0,5209.0,1471.0,0.0,4996.0
2023-07-11,1007.8,99.0,23.5,21.8,1.1,0.0,522.0,504.0,882.0,5958.0,44748.0,546840.0,18.0,1152.0,0.0,3389.0,802.0,12149.0,7305.0,5874.0,1602.0,1944.0,1965.0
2023-07-12,1007.0,99.0,23.2,21.1,1.0,198.0,648.0,11700.0,1638.0,18144.0,71964.0,369504.0,0.0,508.0,8485.0,3849.0,1588.0,10172.0,5070.0,4191.0,1498.0,0.0,2232.0
2023-07-13,1007.3,99.0,23.7,21.3,1.0,0.0,0.0,0.0,0.0,0.0,0.0,0.0,18.0,0.0,0.0,0.0,0.0,0.0,0.0,0.0,0.0,2222.0,0.0
2023-07-15,1004.9,99.0,22.6,19.2,1.4,0.0,0.0,0.0,0.0,0.0,0.0,0.0,0.0,0.0,0.0,0.0,0.0,0.0,0.0,0.0,0.0,0.0,0.0
2023-07-17,1013.4,99.0,24.5,23.0,1.0,108.0,3708.0,1098.0,846.0,9036.0,53658.0,486180.0,0.0,100.0,9630.0,3928.0,2261.0,7910.0,5472.0,3982.0,1451.0,0.0,6600.0
2023-07-18,1010.6,99.0,24.8,23.1,1.2,126.0,666.0,5850.0,738.0,13050.0,55476.0,454968.0,36.0,75058.0,11508.0,3872.0,2164.0,8896.0,4344.0,2338.0,1412.0,3472.0,6297.0
2023-07-19,1007.8,98.0,23.2,22.3,1.2,36.0,2646.0,1062.0,1026.0,5760.0,25974.0,313656.0,0.0,108.0,15278.0,3319.0,1849.0,5945.0,4935.0,3464.0,1447.0,0.0,1741.0
2023-07-20,1009.8,97.0,23.3,22.8,0.6,414.0,1278.0,6120.0,252.0,2034.0,5328.0,125820.0,0.0,512.0,8203.0,2958.0,2196.0,7460.0,5601.0,3979.0,1434.0,0.0,2586.0
2023-07-21,1013.2,98.0,24.7,23.8,0.5,360.0,504.0,10332.0,1134.0,7974.0,35640.0,476622.0,0.0,67214.0,8361.0,2937.0,1911.0,7989.0,4974.0,4020.0,1407.0,0.0,6659.0
2023-07-22,1014.6,94.0,25.1,23.9,0.5,90.0,396.0,7470.0,2034.0,9954.0,44730.0,498816.0,54.0,136.0,9000.0,3172.0,1773.0,4216.0,3637.0,2892.0,1206.0,7926.0,5324.0
2023-07-24,1010.9,99.0,25.4,23.8,0.9,216.0,1098.0,9522.0,540.0,7146.0,36450.0,905532.0,108.0,31750.0,6806.0,3361.0,1943.0,6254.0,4575.0,2605.0,1227.0,4444.0,6367.0
2023-07-25,1014.5,99.0,25.6,24.0,0.8,90.0,3348.0,5022.0,288.0,6444.0,33930.0,516534.0,18.0,32980.0,9389.0,3268.0,2339.0,7066.0,6052.0,3187.0,1397.0,5556.0,6448.0
2023-07-26,1015.8,96.0,27.5,26.2,0.6,342.0,324.0,11574.0,900.0,8172.0,28134.0,453834.0,0.0,40718.0,6930.0,3679.0,2186.0,6972.0,4832.0,3235.0,1381.0,0.0,6692.0
2023-07-27,1014.9,93.0,27.8,26.9,0.7,72.0,1746.0,3042.0,1530.0,7740.0,66384.0,467352.0,0.0,336.0,8750.0,3510.0,1969.0,2884.0,3734.0,1612.0,1079.0,0.0,3440.0
2023-07-28,1014.7,91.0,28.5,27.3,0.9,36.0,1134.0,1380.0,1062.0,6228.0,23616.0,392820.0,0.0,90130.0,6944.0,3679.0,1378.0,6770.0,3837.0,3824.0,1215.0,0.0,7096.0
2023-07-29,1014.7,93.0,28.5,27.6,1.1,522.0,3420.0,2610.0,954.0,5058.0,27378.0,376254.0,36.0,25900.0,9590.0,3355.0,1469.0,5912.0,4684.0,3884.0,1341.0,3333.0,7269.0
2023-07-31,1012.5,86.0,29.5,28.9,0.5,450.0,1890.0,1980.0,270.0,3618.0,20016.0,229194.0,0.0,8142.0,5884.0,3471.0,1733.0,8981.0,7098.0,4719.0,1262.0,0.0,6555.0
2023-08-01,1010.7,91.0,29.4,28.4,0.6,1890.0,2334.0,126.0,36.0,396.0,1386.0,194640.0,54.0,7680.0,6228.0,5440.0,1960.0,13472.0,11452.0,6913.0,1188.0,4444.0,6369.0
2023-08-02,1008.2,92.0,29.0,27.6,0.7,1188.0,900.0,540.0,0.0,0.0,0.0,0.0,90.0,288.0,8040.0,4678.0,2056.0,0.0,0.0,0.0,0.0,3367.0,2319.0
2023-08-03,1006.7,89.0,29.6,27.8,1.0,2304.0,0.0,0.0,0.0,0.0,0.0,17304.0,0.0,33640.0,5749.0,0.0,0.0,0.0,0.0,0.0,781.0,0.0,7245.0
2023-08-04,1004.8,85.0,30.0,28.8,1.9,0.0,36.0,0.0,0.0,0.0,0.0,3006.0,0.0,46514.0,0.0,3333.0,0.0,0.0,0.0,0.0,1459.0,0.0,7762.0
2023-08-05,1000.4,91.0,29.8,29.2,2.1,0.0,0.0,0.0,0.0,0.0,0.0,0.0,0.0,90.0,0.0,0.0,0.0,0.0,0.0,0.0,0.0,0.0,2244.0
2023-08-07,998.4,89.0,29.9,28.8,1.7,1512.0,7902.0,6174.0,702.0,1674.0,4338.0,60246.0,0.0,29370.0,7811.0,5130.0,2528.0,19231.0,11305.0,7876.0,1760.0,0.0,7750.0
2023-08-08,1000.6,91.0,29.0,28.4,2.1,13320.0,198.0,126.0,1386.0,8460.0,29610.0,301320.0,0.0,64140.0,4886.0,4702.0,1175.0,12413.0,8328.0,3976.0,1357.0,0.0,7935.0
2023-08-09,998.2,94.0,27.8,27.5,2.4,54.0,0.0,0.0,0.0,0.0,0.0,0.0,0.0,61140.0,11593.0,0.0,0.0,0.0,0.0,0.0,0.0,0.0,7748.0
2023-08-11,1002.9,89.0,28.2,27.6,1.0,0.0,0.0,0.0,0.0,0.0,0.0,1566.0,0.0,19980.0,0.0,0.0,0.0,0.0,0.0,0.0,2898.0,0.0,7901.0
2023-08-12,1004.1,86.0,28.1,27.1,0.6,126.0,54.0,306.0,0.0,0.0,0.0,2556.0,0.0,1372.0,7619.0,3667.0,2222.0,0.0,0.0,0.0,2354.0,0.0,7314.0
2023-08-14,1005.4,89.0,27.9,27.2,1.1,7614.0,228.0,288.0,3546.0,26604.0,93240.0,212064.0,0.0,25760.0,6034.0,3167.0,1524.0,6019.0,4041.0,3210.0,1291.0,0.0,7592.0
2023-08-15,1004.3,85.0,27.5,26.8,1.4,378.0,3114.0,216.0,4374.0,18234.0,47070.0,252936.0,0.0,1366.0,8635.0,4069.0,2421.0,4481.0,4391.0,3152.0,1126.0,0.0,3937.0
2023-08-16,1004.7,89.0,27.2,27.0,1.1,1278.0,1170.0,810.0,144.0,4320.0,15012.0,201294.0,0.0,0.0,5857.0,3284.0,2148.0,10278.0,7438.0,4717.0,1298.0,0.0,0.0
2023-08-17,1005.4,91.0,27.0,27.2,1.0,954.0,2034.0,864.0,306.0,3546.0,26766.0,241896.0,0.0,466.0,9492.0,4022.0,1741.0,9869.0,7834.0,3276.0,877.0,0.0,5313.0
2023-08-18,1006.9,94.0,27.4,27.2,0.7,684.0,972.0,252.0,180.0,4014.0,20304.0,160128.0,0.0,14504.0,7756.0,3960.0,1579.0,11444.0,7958.0,3124.0,1036.0,0.0,10191.0
2023-08-19,1009.8,96.0,28.2,27.3,0.9,702.0,180.0,756.0,72.0,1098.0,7722.0,81558.0,0.0,80.0,8648.0,4167.0,1819.0,13611.0,9117.0,4866.0,1175.0,0.0,2963.0
2023-08-21,1009.6,87.0,29.5,28.9,0.3,1674.0,3906.0,486.0,36.0,16182.0,50850.0,421536.0,0.0,96380.0,9691.0,4358.0,1551.0,6111.0,3817.0,2267.0,1026.0,0.0,8838.0
2023-08-22,1006.7,89.0,29.7,28.7,0.4,1710.0,2880.0,1422.0,2034.0,45990.0,108810.0,181602.0,54.0,998.0,8723.0,4103.0,1934.0,5140.0,3944.0,2458.0,1196.0,3704.0,7180.0
2023-08-23,1006.6,88.0,29.8,28.6,0.8,288.0,90.0,1182.0,1962.0,18360.0,57870.0,108012.0,0.0,360.0,6438.0,4044.0,1726.0,6185.0,5141.0,2688.0,1183.0,0.0,6722.0
2023-08-24,1007.1,90.0,28.9,28.8,1.6,8010.0,6480.0,4338.0,396.0,738.0,2700.0,143394.0,72.0,360.0,7305.0,4059.0,2099.0,6288.0,6077.0,4409.0,1126.0,3472.0,2122.0
2023-08-25,1008.2,87.0,28.1,27.3,0.8,4266.0,4914.0,5112.0,234.0,1728.0,11826.0,84474.0,0.0,131530.0,7021.0,4761.0,2117.0,8675.0,11209.0,2798.0,585.0,0.0,9233.0
2023-08-26,1008.9,87.0,28.4,28.0,0.4,882.0,2160.0,468.0,2304.0,20970.0,32886.0,90504.0,0.0,854.0,9480.0,4282.0,1897.0,5877.0,4454.0,4052.0,1685.0,0.0,6371.0
2023-08-28,1007.8,92.0,28.4,28.2,1.2,5706.0,3006.0,1020.0,540.0,5994.0,16992.0,263712.0,0.0,179392.0,7913.0,3983.0,2303.0,16111.0,7276.0,4397.0,1013.0,0.0,8569.0
2023-08-29,1007.9,91.0,28.9,28.0,1.6,3222.0,3816.0,1440.0,792.0,3258.0,9972.0,73350.0,18.0,102578.0,6983.0,4166.0,1860.0,7096.0,5579.0,2702.0,758.0,2389.0,9575.0
2023-08-30,1008.9,91.0,29.2,27.5,1.0,11934.0,9082.0,4140.0,0.0,90.0,1152.0,17856.0,0.0,21960.0,8440.0,6132.0,4147.0,0.0,16556.0,2428.0,1426.0,0.0,8047.0
2023-08-31,1009.4,95.0,27.6,27.9,0.7,18.0,540.0,2646.0,0.0,0.0,0.0,576.0,0.0,0.0,5556.0,4167.0,2020.0,0.0,0.0,0.0,1616.0,0.0,0.0
2023-09-01,1010.8,96.0,26.7,26.8,1.5,36.0,18.0,0.0,0.0,0.0,0.0,1638.0,0.0,69794.0,16444.0,2778.0,0.0,0.0,0.0,0.0,1582.0,0.0,9868.0
2023-09-02,1011.8,94.0,26.5,27.0,0.9,18.0,0.0,72.0,0.0,0.0,0.0,0.0,0.0,36.0,7778.0,0.0,2319.0,0.0,0.0,0.0,0.0,0.0,4389.0
2023-09-04,1011.3,89.0,28.0,27.2,1.1,0.0,0.0,18.0,0.0,0.0,0.0,0.0,0.0,576.0,0.0,0.0,2222.0,0.0,0.0,0.0,0.0,0.0,2597.0
2023-09-05,1010.3,77.0,28.0,27.6,2.0,306.0,0.0,54.0,36.0,108.0,1008.0,648.0,0.0,14468.0,8072.0,0.0,1889.0,20000.0,8889.0,4816.0,2545.0,0.0,8170.0
2023-09-06,1010.8,81.0,27.6,27.8,2.2,648.0,72.0,18.0,9612.0,58194.0,172422.0,363600.0,0.0,59880.0,8153.0,4000.0,1111.0,7163.0,5586.0,2988.0,1626.0,0.0,9163.0
2023-09-07,1013.0,77.0,27.0,27.6,2.0,19206.0,756.0,54.0,4248.0,16326.0,55440.0,188874.0,0.0,29920.0,6341.0,3340.0,1222.0,6589.0,6330.0,4852.0,1986.0,0.0,9155.0
2023-09-09,1011.5,75.0,26.0,27.1,0.8,324.0,126.0,198.0,12906.0,52200.0,124758.0,310248.0,0.0,0.0,8225.0,3690.0,1934.0,5084.0,4681.0,3656.0,1832.0,0.0,0.0
2023-09-11,1009.5,87.0,27.1,26.1,0.6,3762.0,414.0,846.0,8514.0,35118.0,140328.0,438678.0,0.0,77552.0,11264.0,4297.0,1454.0,5685.0,4692.0,2671.0,1554.0,0.0,9513.0
2023-09-12,1010.9,86.0,27.9,27.2,0.3,2484.0,252.0,126.0,4518.0,24984.0,118926.0,279396.0,0.0,79782.0,8891.0,3321.0,6508.0,4573.0,4555.0,2919.0,1633.0,0.0,9525.0
2023-09-13,1010.2,91.0,27.8,27.4,0.4,2196.0,576.0,270.0,7992.0,45936.0,166824.0,272430.0,0.0,34218.0,9629.0,3715.0,2556.0,4969.0,4341.0,2381.0,1562.0,0.0,9463.0
2023-09-14,1011.9,92.0,26.6,27.6,1.0,3042.0,990.0,558.0,6858.0,41940.0,130482.0,464940.0,18.0,15968.0,10828.0,3978.0,1778.0,4612.0,3645.0,2371.0,1424.0,3333.0,9849.0
2023-09-15,1013.1,92.0,27.3,27.6,1.0,1854.0,198.0,1116.0,990.0,5634.0,36594.0,105336.0,468.0,3874.0,8480.0,4596.0,1171.0,5758.0,4130.0,2191.0,1441.0,5278.0,9644.0
2023-09-16,1012.6,94.0,27.7,27.4,0.8,3960.0,1008.0,1476.0,2988.0,9198.0,30654.0,159750.0,0.0,22958.0,8464.0,4393.0,1801.0,6070.0,5029.0,3085.0,1377.0,0.0,9778.0
2023-09-17,1011.2,91.0,27.4,27.4,1.1,666.0,450.0,972.0,900.0,8946.0,25938.0,86022.0,18.0,402.0,8390.0,3707.0,1468.0,4708.0,3652.0,2019.0,1199.0,2778.0,3794.0
2023-09-18,1012.8,89.0,27.5,27.2,0.7,216.0,180.0,270.0,1134.0,9180.0,49248.0,130194.0,0.0,44974.0,9426.0,4272.0,1778.0,7817.0,4951.0,2441.0,1538.0,0.0,10464.0
2023-09-19,1014.0,87.0,27.0,26.3,0.4,756.0,126.0,72.0,1980.0,11196.0,41076.0,116334.0,0.0,37900.0,11234.0,4444.0,1736.0,5863.0,5381.0,2403.0,1355.0,0.0,9887.0
2023-09-20,1010.0,89.0,26.8,26.1,0.6,2340.0,216.0,324.0,1242.0,13572.0,46044.0,104364.0,0.0,5648.0,11588.0,4074.0,1383.0,6441.0,5462.0,3034.0,1347.0,0.0,9569.0
2023-09-21,1009.4,86.0,24.5,25.9,2.3,162.0,504.0,486.0,198.0,1206.0,19134.0,49266.0,18.0,22520.0,7099.0,3923.0,1107.0,5404.0,9502.0,2513.0,1503.0,3667.0,10369.0
2023-09-22,1015.0,76.0,24.7,26.5,1.5,9756.0,324.0,936.0,1602.0,8208.0,22428.0,93006.0,0.0,1480.0,9139.0,3586.0,2018.0,8736.0,6969.0,3807.0,1406.0,0.0,8178.0
2023-09-23,1018.0,75.0,24.9,26.6,1.6,90.0,18.0,72.0,0.0,0.0,0.0,12456.0,0.0,22918.0,12611.0,3333.0,2778.0,0.0,0.0,0.0,2123.0,0.0,9352.0
2023-09-24,1017.6,75.0,25.5,26.4,2.5,72.0,0.0,0.0,882.0,2088.0,13842.0,39672.0,0.0,0.0,8667.0,0.0,0.0,7863.0,6923.0,4862.0,1831.0,0.0,0.0
2023-09-25,1015.2,83.0,25.5,26.0,1.4,378.0,54.0,90.0,4770.0,20700.0,73098.0,227862.0,0.0,54.0,9730.0,3537.0,1556.0,7539.0,6349.0,3871.0,1544.0,0.0,6426.0
2023-09-26,1013.1,91.0,26.2,25.9,0.7,2520.0,612.0,180.0,6642.0,22248.0,87498.0,339402.0,0.0,1846.0,14681.0,3792.0,1756.0,7406.0,6083.0,3641.0,1570.0,0.0,8348.0
2023-09-27,1011.4,86.0,26.3,25.3,0.6,774.0,486.0,252.0,864.0,6642.0,34776.0,160326.0,0.0,1924.0,10567.0,4051.0,1389.0,6365.0,4809.0,2549.0,1309.0,0.0,7004.0
2023-09-28,1012.9,82.0,26.3,25.1,0.5,180.0,90.0,126.0,810.0,540.0,13428.0,309684.0,0.0,0.0,6644.0,3956.0,1548.0,5210.0,6130.0,2772.0,1051.0,0.0,0.0
2023-10-04,1013.1,71.0,23.3,24.6,0.7,5400.0,342.0,90.0,0.0,0.0,0.0,3006.0,0.0,9570.0,10705.0,2977.0,2222.0,0.0,0.0,0.0,2170.0,0.0,9096.0
2023-10-05,1014.0,48.0,21.4,24.7,1.0,2808.0,90.0,270.0,36.0,126.0,864.0,36810.0,0.0,6546.0,10707.0,3778.0,2148.0,10556.0,10571.0,6586.0,1429.0,0.0,9152.0
2023-10-06,1018.0,54.0,20.7,24.2,1.2,1728.0,450.0,684.0,0.0,0.0,0.0,882.0,0.0,5692.0,11733.0,3511.0,2098.0,0.0,0.0,0.0,1762.0,0.0,8962.0
2023-10-07,1020.8,69.0,23.0,23.6,1.4,7452.0,2070.0,18.0,0.0,0.0,0.0,270.0,18.0,756.0,11235.0,4897.0,2500.0,0.0,0.0,0.0,1111.0,1667.0,5690.0
2023-10-08,1021.0,70.0,23.3,23.6,2.1,648.0,396.0,108.0,684.0,2178.0,21006.0,226062.0,0.0,40.0,8526.0,3745.0,741.0,8009.0,7044.0,3964.0,1455.0,0.0,7500.0
2023-10-09,1018.2,80.0,22.8,23.2,1.4,10188.0,2610.0,54.0,0.0,0.0,2538.0,6066.0,0.0,490.0,11993.0,4161.0,2333.0,0.0,0.0,7388.0,2875.0,0.0,7206.0
2023-10-10,1019.5,69.0,22.5,23.0,1.0,9480.0,1676.0,802.0,810.0,3654.0,24570.0,124506.0,18.0,1334.0,9080.0,4434.0,1980.0,13958.0,9437.0,5124.0,1974.0,2222.0,4618.0
2023-10-11,1023.1,67.0,22.9,22.9,1.5,990.0,396.0,72.0,738.0,3312.0,26802.0,147816.0,18.0,788.0,9605.0,4020.0,2222.0,14133.0,10072.0,4094.0,1889.0,1389.0,5400.0
2023-10-12,1023.1,65.0,22.7,22.6,1.3,1602.0,72.0,810.0,198.0,1242.0,25164.0,199350.0,0.0,1838.0,9235.0,3403.0,2290.0,13939.0,10705.0,4314.0,1965.0,0.0,8771.0
2023-10-13,1017.2,70.0,23.0,22.0,1.0,4230.0,612.0,3060.0,0.0,54.0,7866.0,82512.0,0.0,1394.0,9998.0,3856.0,2413.0,0.0,10000.0,3941.0,1846.0,0.0,8268.0
2023-10-14,1010.2,70.0,22.7,22.0,0.6,486.0,144.0,90.0,1224.0,5634.0,43686.0,265050.0,18.0,720.0,10741.0,4993.0,1722.0,8239.0,6609.0,4019.0,1826.0,1667.0,4028.0
2023-10-15,1010.4,66.0,21.4,21.4,0.7,324.0,306.0,90.0,1962.0,9576.0,75006.0,366030.0,0.0,0.0,9910.0,4324.0,1389.0,8316.0,6720.0,4033.0,1889.0,0.0,0.0
2023-10-17,1018.3,55.0,20.3,21.8,0.9,5382.0,342.0,2610.0,162.0,198.0,1620.0,8190.0,0.0,1256.0,10647.0,4488.0,2420.0,10000.0,7056.0,4352.0,2537.0,0.0,5242.0
2023-10-18,1020.0,74.0,21.7,22.1,0.6,1962.0,72.0,1800.0,0.0,0.0,0.0,90.0,0.0,4782.0,9801.0,4375.0,2102.0,0.0,0.0,0.0,1778.0,0.0,8693.0
2023-10-19,1016.3,82.0,22.0,21.6,0.5,6678.0,792.0,4446.0,252.0,3690.0,46800.0,353646.0,0.0,1402.0,10706.0,4710.0,1785.0,13492.0,9098.0,3995.0,1770.0,0.0,9045.0
2023-10-20,1015.0,60.0,18.4,21.3,0.8,3924.0,594.0,3708.0,1386.0,7470.0,58302.0,708306.0,0.0,1502.0,10067.0,5008.0,2167.0,9448.0,8365.0,3805.0,1754.0,0.0,4085.0
2023-10-21,1020.6,55.0,17.2,21.5,1.1,3348.0,1296.0,1602.0,3474.0,11484.0,77634.0,742860.0,0.0,3134.0,9574.0,3212.0,2044.0,7639.0,6861.0,3629.0,1559.0,0.0,8185.0
2023-10-22,1022.9,57.0,18.9,21.7,0.8,126.0,90.0,36.0,2232.0,9756.0,63270.0,430128.0,0.0,0.0,12341.0,3744.0,3056.0,6209.0,6172.0,3564.0,1379.0,0.0,0.0
2023-10-23,1022.8,67.0,19.6,21.2,0.4,10044.0,4644.0,954.0,2484.0,11574.0,74628.0,524394.0,0.0,54.0,9921.0,3110.0,2386.0,6894.0,6046.0,3188.0,1443.0,0.0,10185.0
2023-10-24,1020.0,68.0,18.4,20.6,0.3,13194.0,3042.0,2124.0,594.0,4896.0,21078.0,111438.0,0.0,1328.0,9040.0,3063.0,2441.0,10067.0,7169.0,4613.0,1831.0,0.0,10084.0
2023-10-26,1015.0,79.0,19.0,20.6,0.4,1296.0,684.0,2340.0,1062.0,5634.0,35496.0,72180.0,0.0,702.0,10031.0,4722.0,2672.0,11455.0,6938.0,3844.0,2197.0,0.0,4041.0
2023-10-27,1013.5,63.0,18.2,20.2,0.9,2520.0,2214.0,936.0,1638.0,9162.0,51354.0,332514.0,0.0,5834.0,11156.0,3349.0,2219.0,8803.0,6769.0,4187.0,1654.0,0.0,4892.0
2023-10-28,1018.4,66.0,17.1,19.8,1.2,1260.0,1638.0,2556.0,1242.0,6030.0,22914.0,75690.0,0.0,2020.0,11285.0,3505.0,2460.0,8539.0,7187.0,4937.0,1847.0,0.0,5184.0
2023-10-29,1021.7,64.0,17.5,20.7,1.0,126.0,54.0,0.0,2322.0,5418.0,22266.0,129366.0,0.0,0.0,6484.0,4259.0,0.0,8830.0,7232.0,4447.0,1502.0,0.0,0.0
2023-10-30,1022.4,71.0,17.8,20.0,0.6,470.0,3312.0,2054.0,0.0,0.0,252.0,0.0,0.0,1600.0,15255.0,8773.0,4355.0,0.0,0.0,1508.0,0.0,0.0,9257.0
2023-10-31,1022.1,78.0,17.8,19.6,0.4,522.0,612.0,1350.0,0.0,0.0,0.0,252.0,0.0,746.0,8870.0,3554.0,2389.0,0.0,0.0,0.0,1813.0,0.0,7611.0
2023-11-02,1018.7,91.0,19.1,19.6,0.7,4086.0,2412.0,4662.0,0.0,0.0,0.0,7992.0,18.0,1374.0,10130.0,4059.0,2549.0,0.0,0.0,0.0,1790.0,3333.0,10103.0
2023-11-03,1017.1,88.0,19.8,20.0,0.5,8532.0,2700.0,4302.0,0.0,0.0,0.0,1710.0,18.0,1100.0,10004.0,3941.0,2583.0,0.0,0.0,0.0,1699.0,5556.0,9645.0
2023-11-04,1020.6,91.0,19.2,19.7,0.7,72.0,198.0,36.0,612.0,4608.0,42066.0,312570.0,0.0,72.0,6042.0,8788.0,2222.0,11376.0,7757.0,3402.0,1679.0,0.0,4722.0
2023-11-05,1018.9,88.0,20.6,20.5,0.9,0.0,18.0,0.0,828.0,8748.0,44514.0,220224.0,0.0,0.0,0.0,5000.0,0.0,9420.0,7386.0,4258.0,1586.0,0.0,0.0
2023-11-06,1010.0,73.0,18.6,19.3,2.4,13770.0,8766.0,2358.0,2862.0,8748.0,52812.0,170802.0,18.0,524.0,10050.0,3719.0,2659.0,10566.0,7378.0,3201.0,1563.0,4444.0,4660.0
2023-11-07,1019.2,50.0,14.4,18.7,1.3,4302.0,1782.0,18.0,1404.0,9000.0,58788.0,269658.0,0.0,18.0,9479.0,4186.0,2500.0,9430.0,7643.0,3490.0,1461.0,0.0,4278.0
2023-11-08,1021.9,66.0,15.0,18.3,1.0,6012.0,144.0,216.0,630.0,6264.0,32958.0,202590.0,18.0,0.0,5967.0,3653.0,1183.0,8851.0,6843.0,3818.0,1451.0,2222.0,0.0
2023-11-09,1020.2,81.0,17.6,19.5,0.8,198.0,198.0,648.0,594.0,4158.0,13842.0,34146.0,18.0,162.0,11212.0,3384.0,2446.0,11498.0,8254.0,5374.0,2220.0,6111.0,5784.0
2023-11-11,1025.0,55.0,11.4,19.0,1.5,90.0,18.0,0.0,1638.0,8226.0,33174.0,333378.0,18.0,90.0,6556.0,3333.0,0.0,8492.0,7168.0,5277.0,1467.0,8333.0,4622.0
2023-11-12,1024.3,55.0,8.6,18.6,1.3,0.0,18.0,0.0,0.0,2304.0,14778.0,27918.0,0.0,0.0,0.0,4444.0,0.0,0.0,7023.0,4397.0,1818.0,0.0,0.0
2023-11-13,1025.7,46.0,8.5,18.6,1.8,18.0,90.0,36.0,1602.0,9756.0,31806.0,143604.0,18.0,162.0,6111.0,4189.0,2722.0,7865.0,6366.0,4984.0,1510.0,2222.0,6123.0
2023-11-14,1025.5,53.0,10.4,19.7,1.1,2178.0,792.0,1854.0,0.0,0.0,0.0,47580.0,36.0,1460.0,10415.0,3275.0,2427.0,0.0,0.0,0.0,1536.0,4306.0,10317.0
2023-11-16,1019.9,66.0,13.1,20.1,0.7,0.0,180.0,720.0,540.0,8370.0,134802.0,207612.0,0.0,90.0,0.0,4639.0,1842.0,13980.0,8443.0,2853.0,1955.0,0.0,5144.0
2023-11-17,1013.2,60.0,9.6,18.3,1.0,594.0,540.0,1260.0,882.0,11538.0,136476.0,292770.0,1062.0,144.0,10197.0,4189.0,2617.0,11973.0,6880.0,2702.0,1611.0,7098.0,3354.0
2023-11-18,1016.2,56.0,7.5,18.3,1.4,2670.0,0.0,1010.0,18.0,1998.0,39708.0,494244.0,0.0,0.0,9678.0,0.0,4213.0,6667.0,8001.0,3238.0,1333.0,0.0,0.0
2023-11-19,1018.2,60.0,11.8,19.5,1.1,0.0,0.0,0.0,432.0,1782.0,13644.0,489138.0,0.0,0.0,0.0,0.0,0.0,9688.0,7604.0,4272.0,1129.0,0.0,0.0
2023-11-20,1022.6,51.0,13.0,18.7,0.8,3618.0,1602.0,1116.0,270.0,1872.0,27936.0,336762.0,162.0,0.0,8451.0,4622.0,2944.0,9611.0,8518.0,3450.0,1307.0,7630.0,0.0
2023-11-21,1021.6,69.0,14.1,18.2,0.8,17118.0,7668.0,4050.0,0.0,0.0,0.0,17730.0,1404.0,78.0,8653.0,3399.0,2611.0,0.0,0.0,0.0,1867.0,7873.0,11282.0
2023-11-22,1017.5,74.0,15.9,18.6,0.3,0.0,18.0,18.0,144.0,738.0,5652.0,107676.0,108.0,18.0,0.0,1111.0,2389.0,28611.0,16409.0,6769.0,1813.0,4648.0,5167.0
2023-11-23,1013.3,76.0,16.5,18.5,0.7,144.0,270.0,558.0,1260.0,6174.0,38610.0,357888.0,810.0,36.0,12222.0,5000.0,3000.0,19548.0,8704.0,4940.0,1571.0,6723.0,4639.0
2023-11-24,1024.8,44.0,8.2,19.8,1.1,5500.0,12456.0,5064.0,882.0,3600.0,29070.0,434946.0,234.0,72.0,9212.0,6568.0,3332.0,15771.0,7835.0,4239.0,1341.0,8269.0,6458.0
2023-11-25,1030.0,56.0,6.5,19.3,1.2,54.0,162.0,0.0,954.0,10170.0,99342.0,267420.0,0.0,0.0,8963.0,4389.0,0.0,11059.0,7560.0,2377.0,1239.0,0.0,0.0
2023-11-27,1015.3,68.0,13.6,19.3,0.6,1368.0,936.0,3600.0,126.0,630.0,7218.0,69678.0,864.0,18.0,9794.0,5392.0,2479.0,30476.0,15270.0,5205.0,1944.0,10338.0,4444.0
2023-11-28,1019.9,52.0,10.7,19.7,1.0,0.0,432.0,36.0,0.0,0.0,0.0,0.0,36.0,126.0,0.0,4824.0,2778.0,0.0,0.0,0.0,0.0,6028.0,6413.0
2023-11-30,1025.2,53.0,4.8,16.5,1.0,2700.0,4212.0,1728.0,0.0,0.0,0.0,36.0,720.0,0.0,9693.0,3703.0,2491.0,0.0,0.0,0.0,1111.0,7464.0,0.0
2023-12-01,1024.5,54.0,5.0,16.6,0.9,72.0,72.0,0.0,0.0,0.0,0.0,900.0,0.0,0.0,9167.0,4167.0,0.0,0.0,0.0,0.0,1382.0,0.0,0.0
2023-12-02,1025.8,59.0,7.2,16.6,0.9,0.0,0.0,0.0,0.0,0.0,0.0,0.0,0.0,54.0,0.0,0.0,0.0,0.0,0.0,0.0,0.0,0.0,3630.0
2023-12-04,1021.2,56.0,10.6,17.7,0.7,36432.0,9180.0,5814.0,4464.0,12474.0,20484.0,43884.0,1242.0,54.0,10171.0,3647.0,2444.0,11053.0,8141.0,6601.0,2386.0,8258.0,4296.0
2023-12-05,1016.9,53.0,12.3,19.2,0.4,19602.0,3888.0,15192.0,5958.0,16902.0,52614.0,101178.0,1134.0,36.0,13007.0,4142.0,2299.0,10687.0,8293.0,6052.0,2038.0,8668.0,4917.0
2023-12-06,1011.6,64.0,13.6,18.5,0.7,28926.0,7326.0,13176.0,7200.0,40824.0,102222.0,240984.0,1260.0,0.0,10448.0,4926.0,2466.0,9274.0,8023.0,6096.0,2112.0,8581.0,0.0
2023-12-07,1016.8,46.0,11.0,17.7,1.3,14796.0,1980.0,8766.0,6066.0,21492.0,52830.0,209034.0,846.0,126.0,8836.0,4462.0,2203.0,8804.0,7134.0,4754.0,1358.0,7741.0,4905.0
2023-12-09,1019.0,84.0,16.2,16.6,1.0,3474.0,36.0,2790.0,4392.0,19350.0,44676.0,69822.0,36.0,72.0,8473.0,5111.0,1812.0,6734.0,6463.0,6329.0,2005.0,4528.0,4444.0
2023-12-11,1014.0,89.0,16.5,19.3,2.1,252.0,36.0,792.0,1530.0,13356.0,41634.0,578466.0,756.0,954.0,7635.0,4222.0,1989.0,7093.0,7225.0,4808.0,1161.0,9246.0,5439.0
2023-12-12,1018.5,75.0,12.3,18.2,2.6,4140.0,3438.0,1836.0,1044.0,3708.0,10314.0,376308.0,414.0,54.0,10249.0,3051.0,1941.0,9437.0,10312.0,6701.0,1331.0,10729.0,5556.0
2023-12-13,1027.5,71.0,13.1,18.7,1.7,0.0,0.0,0.0,0.0,0.0,0.0,0.0,0.0,0.0,0.0,0.0,0.0,0.0,0.0,0.0,0.0,0.0,0.0
2023-12-16,1019.3,65.0,6.1,16.9,1.8,0.0,0.0,0.0,0.0,0.0,0.0,0.0,270.0,0.0,0.0,0.0,0.0,0.0,0.0,0.0,0.0,9481.0,0.0
2023-12-18,1032.3,56.0,1.6,16.1,1.0,5130.0,0.0,3204.0,0.0,0.0,0.0,36.0,216.0,0.0,9996.0,0.0,2333.0,0.0,0.0,0.0,2361.0,8449.0,0.0
2023-12-19,1026.7,54.0,5.1,16.3,1.0,90.0,0.0,0.0,612.0,2034.0,10980.0,541080.0,54.0,0.0,5667.0,0.0,0.0,27925.0,15039.0,7112.0,1398.0,7685.0,0.0
2023-12-20,1023.9,57.0,3.2,15.7,1.0,8118.0,2142.0,1944.0,1080.0,5904.0,32940.0,732798.0,702.0,90.0,9066.0,3592.0,2166.0,26236.0,12280.0,4908.0,1263.0,8903.0,6389.0
2023-12-21,1028.1,55.0,-1.2,17.0,1.0,13338.0,2160.0,9162.0,648.0,1962.0,9666.0,420228.0,1746.0,18.0,9889.0,4708.0,2244.0,16944.0,13242.0,6827.0,1428.0,9198.0,5556.0
2023-12-22,1033.7,56.0,-0.9,17.1,1.0,0.0,0.0,0.0,0.0,0.0,0.0,0.0,0.0,0.0,0.0,0.0,0.0,0.0,0.0,0.0,0.0,0.0,0.0
2023-12-24,1029.9,64.0,4.6,16.2,0.8,0.0,0.0,0.0,0.0,0.0,0.0,0.0,0.0,0.0,0.0,0.0,0.0,0.0,0.0,0.0,0.0,0.0,0.0
2023-12-25,1029.1,52.0,4.8,16.2,0.7,0.0,0.0,0.0,1386.0,864.0,2466.0,181764.0,0.0,120.0,0.0,0.0,0.0,15267.0,13536.0,7905.0,1451.0,0.0,11092.0
2023-12-26,1029.4,59.0,7.1,15.8,0.6,1710.0,1188.0,3564.0,756.0,3312.0,16686.0,563400.0,72.0,72.0,6792.0,3333.0,1972.0,13108.0,11310.0,6245.0,1188.0,6667.0,5097.0
2023-12-29,1025.8,60.0,7.8,16.4,0.6,18.0,0.0,810.0,0.0,18.0,0.0,30.0,3132.0,46.0,6667.0,0.0,465.0,0.0,8333.0,0.0,2500.0,12239.0,7478.0
2024-01-03,1018.0,62.0,7.6,15.0,0.7,5058.0,702.0,2394.0,18.0,324.0,1314.0,46486.0,36.0,3834.0,14917.0,3470.0,2278.0,6111.0,30617.0,10442.0,1819.0,11250.0,4546.0
2024-01-05,1020.7,67.0,11.0,15.6,0.8,5256.0,3816.0,6300.0,1044.0,13950.0,40032.0,320454.0,1998.0,738.0,11359.0,4361.0,2213.0,7476.0,7111.0,4917.0,1552.0,11743.0,4499.0
2024-01-08,1025.9,49.0,2.8,15.5,0.9,29268.0,8316.0,19440.0,7902.0,19080.0,45018.0,442206.0,378.0,126.0,12448.0,4268.0,2002.0,6231.0,6240.0,5080.0,1423.0,8638.0,4516.0
2024-01-09,1019.8,61.0,6.6,15.4,0.7,7344.0,2196.0,2520.0,2952.0,11178.0,20502.0,104184.0,162.0,342.0,14860.0,4825.0,2314.0,3285.0,4657.0,4380.0,1485.0,5988.0,4523.0
2024-01-10,1017.3,72.0,7.3,16.1,1.2,6156.0,1224.0,11430.0,1332.0,4482.0,36792.0,287820.0,2160.0,612.0,11198.0,5576.0,2093.0,15649.0,6536.0,3177.0,1640.0,13433.0,3969.0
2024-01-11,1017.3,62.0,7.6,16.7,1.6,0.0,18.0,36.0,3510.0,12366.0,46116.0,173178.0,3222.0,0.0,0.0,2778.0,1472.0,8299.0,7530.0,4520.0,1606.0,12413.0,0.0
2024-01-12,1017.5,56.0,9.2,16.8,0.8,630.0,0.0,0.0,0.0,0.0,0.0,0.0,0.0,0.0,19587.0,0.0,0.0,0.0,0.0,0.0,0.0,0.0,0.0
2024-01-13,1024.1,45.0,7.1,16.6,0.8,0.0,0.0,18.0,144.0,90.0,1314.0,15480.0,1584.0,0.0,0.0,0.0,722.0,7917.0,7056.0,4651.0,1620.0,12574.0,0.0
2024-01-15,1023.8,47.0,7.3,15.1,1.2,2718.0,180.0,558.0,1152.0,5346.0,31608.0,123300.0,558.0,1000.0,13389.0,3856.0,2491.0,7899.0,6457.0,2917.0,1612.0,12959.0,11565.0
2024-01-16,1031.2,52.0,7.2,15.1,1.1,1584.0,306.0,432.0,522.0,5760.0,27756.0,46566.0,1890.0,1640.0,14862.0,2958.0,1597.0,6667.0,5733.0,2253.0,1243.0,11429.0,9778.0
2024-01-17,1026.2,74.0,10.6,15.6,1.0,3870.0,2286.0,5706.0,198.0,792.0,3168.0,15174.0,0.0,160.0,12218.0,3333.0,2189.0,3864.0,3396.0,1932.0,1492.0,0.0,9000.0
2024-01-18,1021.2,87.0,12.6,15.9,1.3,6750.0,90.0,0.0,1332.0,1044.0,27936.0,73206.0,1422.0,330.0,5745.0,3056.0,0.0,7785.0,11611.0,4606.0,2642.0,12914.0,8582.0
2024-01-19,1026.0,75.0,9.5,14.4,2.9,918.0,702.0,1944.0,468.0,1620.0,30330.0,50634.0,810.0,254.0,9598.0,4322.0,1855.0,16325.0,9115.0,2588.0,2072.0,11964.0,5429.0
2024-01-20,1021.4,82.0,10.1,14.7,3.3,0.0,0.0,0.0,0.0,288.0,2556.0,72.0,1206.0,80.0,0.0,0.0,0.0,0.0,8333.0,3207.0,3167.0,12488.0,10500.0
2024-01-22,1023.1,62.0,2.9,15.7,1.6,2898.0,396.0,2124.0,144.0,360.0,2214.0,12816.0,324.0,60.0,9198.0,3914.0,2155.0,7569.0,7583.0,4651.0,2074.0,7454.0,5333.0
2024-01-25,1026.6,49.0,1.5,15.9,1.9,612.0,252.0,1098.0,0.0,0.0,0.0,4896.0,270.0,0.0,9083.0,4167.0,2199.0,0.0,0.0,0.0,1418.0,8411.0,0.0
2024-01-27,1025.5,58.0,6.0,15.8,1.5,0.0,0.0,0.0,0.0,0.0,0.0,0.0,18.0,90.0,0.0,0.0,0.0,0.0,0.0,0.0,0.0,2500.0,4111.0
2024-01-29,1029.3,60.0,6.0,15.2,0.9,54.0,18.0,0.0,1008.0,2394.0,26784.0,90990.0,144.0,328.0,9259.0,4722.0,0.0,22054.0,10328.0,5535.0,1882.0,11597.0,4878.0
2024-01-30,1028.6,63.0,8.2,14.7,0.6,0.0,18.0,0.0,1800.0,8460.0,107676.0,572346.0,54.0,706.0,0.0,3333.0,0.0,15712.0,8351.0,2833.0,1632.0,8148.0,5007.0
2024-01-31,1023.0,79.0,10.4,15.5,0.4,0.0,0.0,0.0,738.0,4068.0,55926.0,722952.0,342.0,576.0,0.0,0.0,0.0,16870.0,7606.0,2941.0,1303.0,17389.0,3186.0
2024-02-01,1022.9,78.0,9.8,15.8,1.5,270.0,36.0,126.0,270.0,630.0,7704.0,420642.0,1026.0,144.0,12322.0,4444.0,1667.0,11156.0,8124.0,5251.0,1344.0,15765.0,3132.0
2024-02-02,1026.2,77.0,8.9,15.9,2.0,846.0,342.0,2880.0,0.0,414.0,8622.0,372288.0,198.0,18.0,9579.0,5556.0,2304.0,0.0,8575.0,4105.0,1168.0,8232.0,1111.0
2024-02-03,1026.2,72.0,9.7,15.6,1.4,0.0,0.0,0.0,18.0,72.0,2484.0,711204.0,0.0,0.0,0.0,0.0,0.0,4444.0,9722.0,3042.0,1109.0,0.0,0.0
2024-02-04,1023.7,83.0,9.7,15.3,1.7,0.0,0.0,0.0,0.0,36.0,468.0,451044.0,288.0,72.0,0.0,0.0,0.0,0.0,6667.0,3994.0,940.0,14833.0,3972.0
2024-02-05,1017.3,79.0,9.1,14.7,3.4,360.0,324.0,4554.0,0.0,0.0,1494.0,108.0,378.0,72.0,8969.0,4460.0,2221.0,0.0,0.0,1338.0,2222.0,9653.0,4681.0
2024-02-08,1020.1,64.0,6.7,14.3,0.9,0.0,0.0,0.0,0.0,18.0,1620.0,1090530.0,0.0,162.0,0.0,0.0,0.0,0.0,5833.0,4065.0,1178.0,0.0,6389.0
2024-02-14,1023.1,92.0,14.5,14.9,0.9,18.0,18.0,162.0,0.0,0.0,0.0,18.0,0.0,18.0,5556.0,4000.0,2222.0,0.0,0.0,0.0,4167.0,0.0,2778.0
2024-02-15,1017.2,83.0,12.4,15.6,1.1,53100.0,90.0,0.0,0.0,0.0,18.0,376.0,18.0,0.0,16026.0,4333.0,0.0,0.0,0.0,7778.0,3231.0,4889.0,0.0
2024-02-16,1024.2,61.0,7.3,15.3,1.8,245196.0,360.0,18.0,2772.0,17622.0,66510.0,234630.0,18.0,36.0,16004.0,5486.0,1667.0,15684.0,7153.0,3975.0,1694.0,10556.0,3333.0
2024-02-17,1022.8,64.0,9.3,14.9,0.9,2232.0,0.0,0.0,1404.0,5382.0,20052.0,183492.0,18.0,54.0,15670.0,0.0,0.0,7540.0,6434.0,4966.0,1776.0,17222.0,3926.0
2024-02-19,1011.6,95.0,13.9,13.8,2.2,16974.0,72.0,378.0,2106.0,6642.0,42192.0,414162.0,648.0,180.0,16641.0,3889.0,556.0,14841.0,8168.0,3796.0,1340.0,15245.0,2833.0
2024-02-21,1019.2,86.0,9.3,15.2,3.4,0.0,18.0,18.0,234.0,522.0,1548.0,327396.0,648.0,126.0,0.0,4444.0,2500.0,10444.0,7921.0,5568.0,1225.0,15843.0,1944.0
2024-02-22,1023.1,84.0,7.3,15.2,3.7,0.0,0.0,0.0,0.0,0.0,0.0,18.0,0.0,18.0,0.0,0.0,0.0,0.0,0.0,0.0,2500.0,0.0,4722.0
2024-02-23,1027.3,76.0,6.6,15.7,2.4,0.0,0.0,0.0,0.0,0.0,0.0,0.0,0.0,0.0,0.0,0.0,0.0,0.0,0.0,0.0,0.0,0.0,0.0
2024-02-26,1025.8,69.0,7.8,15.6,1.7,72.0,216.0,144.0,0.0,0.0,0.0,288.0,36.0,1600.0,10069.0,3676.0,1667.0,0.0,0.0,0.0,2740.0,8889.0,7100.0
2024-02-27,1029.7,63.0,7.2,15.5,1.9,0.0,18.0,0.0,0.0,0.0,0.0,3222.0,0.0,486.0,0.0,3500.0,0.0,0.0,0.0,0.0,2042.0,0.0,3335.0
2024-02-28,1028.0,65.0,9.1,15.2,1.4,0.0,18.0,0.0,0.0,0.0,0.0,0.0,90.0,18.0,0.0,2778.0,0.0,0.0,0.0,0.0,0.0,13778.0,2778.0
2024-02-29,1020.1,78.0,8.3,14.9,1.5,0.0,0.0,54.0,0.0,0.0,0.0,180.0,72.0,20.0,0.0,0.0,1481.0,0.0,0.0,0.0,2111.0,8333.0,9000.0
2024-03-01,1019.6,47.0,4.6,14.4,1.2,31842.0,0.0,0.0,0.0,18.0,4668.0,48402.0,2286.0,234.0,18437.0,0.0,0.0,0.0,10000.0,4470.0,1384.0,15427.0,3158.0
2024-03-04,1021.3,59.0,10.3,13.6,0.6,0.0,0.0,0.0,1944.0,4968.0,8406.0,67464.0,0.0,36.0,0.0,0.0,0.0,17665.0,13422.0,8509.0,2925.0,0.0,6667.0
2024-03-05,1011.5,83.0,10.3,13.7,2.4,58446.0,198.0,306.0,504.0,1512.0,9054.0,131922.0,18.0,468.0,17336.0,4343.0,1373.0,20179.0,16250.0,7849.0,2478.0,3889.0,2968.0
2024-03-06,1014.4,73.0,9.2,13.8,2.7,0.0,0.0,0.0,180.0,1044.0,6354.0,176274.0,90.0,0.0,0.0,0.0,0.0,18667.0,13309.0,8248.0,2306.0,10289.0,0.0
2024-03-07,1016.2,66.0,8.7,13.7,1.5,0.0,0.0,18.0,0.0,0.0,18.0,180.0,18.0,0.0,0.0,0.0,2222.0,0.0,0.0,4722.0,2222.0,8889.0,0.0
2024-03-08,1016.8,43.0,7.0,13.6,1.0,18.0,0.0,0.0,0.0,0.0,0.0,0.0,1494.0,54.0,5556.0,0.0,0.0,0.0,0.0,0.0,0.0,16179.0,4630.0
2024-03-11,1021.3,68.0,9.9,13.9,0.5,3024.0,0.0,468.0,234.0,2304.0,99522.0,281520.0,0.0,306.0,9356.0,0.0,2667.0,23333.0,13472.0,3566.0,1793.0,0.0,2418.0
2024-03-12,1014.3,71.0,9.6,14.5,0.7,15732.0,6480.0,2664.0,648.0,6390.0,88938.0,408294.0,0.0,234.0,18967.0,3953.0,2110.0,14529.0,8431.0,2314.0,1595.0,0.0,3568.0
2024-03-13,1020.6,62.0,9.8,14.5,1.1,9288.0,648.0,0.0,504.0,4572.0,141120.0,161892.0,36.0,36.0,19359.0,4702.0,0.0,13294.0,7691.0,1982.0,1551.0,6167.0,3889.0
2024-03-14,1021.6,53.0,10.8,13.9,0.7,108.0,54.0,18.0,0.0,0.0,0.0,18.0,702.0,18.0,8981.0,3667.0,2000.0,0.0,0.0,0.0,2778.0,17104.0,5278.0
2024-03-15,1023.1,64.0,12.2,13.9,0.6,0.0,18.0,0.0,180.0,468.0,7254.0,134478.0,0.0,216.0,0.0,3444.0,0.0,23556.0,13675.0,5158.0,1719.0,0.0,3509.0
2024-03-16,1021.4,63.0,13.3,14.3,0.5,54.0,18.0,0.0,1188.0,3492.0,29016.0,283284.0,36.0,0.0,10741.0,3889.0,0.0,8286.0,7880.0,3367.0,1595.0,11806.0,0.0
2024-03-18,1021.5,57.0,10.4,14.7,1.2,5508.0,1224.0,1746.0,108.0,1566.0,9486.0,126666.0,504.0,148.0,16797.0,4988.0,2278.0,9120.0,9211.0,5189.0,1887.0,13925.0,5014.0
2024-03-19,1016.2,55.0,11.5,14.7,1.2,72.0,18.0,0.0,54.0,378.0,1782.0,61722.0,918.0,18.0,4944.0,3333.0,0.0,11296.0,7460.0,4309.0,1576.0,16710.0,2778.0
2024-03-20,1018.6,41.0,8.2,14.5,1.5,34920.0,54.0,36.0,324.0,1458.0,26046.0,31014.0,1116.0,216.0,18984.0,4667.0,1667.0,10031.0,7161.0,2994.0,2334.0,16491.0,3333.0
2024-03-21,1019.0,45.0,7.5,14.4,1.4,50310.0,54.0,0.0,54.0,234.0,4194.0,87408.0,0.0,0.0,15428.0,3981.0,0.0,18889.0,14872.0,6609.0,2179.0,0.0,0.0
2024-03-22,1016.8,63.0,12.2,14.4,1.3,0.0,72.0,1062.0,0.0,0.0,0.0,1206.0,1062.0,0.0,0.0,2917.0,1222.0,0.0,0.0,0.0,1522.0,18432.0,0.0
2024-03-25,1014.4,84.0,12.1,15.5,2.3,0.0,0.0,18.0,54.0,54.0,972.0,12780.0,0.0,0.0,0.0,0.0,2222.0,9444.0,8333.0,3586.0,1488.0,0.0,0.0
2024-03-26,1016.7,77.0,10.3,15.8,3.3,0.0,0.0,0.0,0.0,0.0,0.0,0.0,0.0,0.0,0.0,0.0,0.0,0.0,0.0,0.0,0.0,0.0,0.0
2024-03-28,1009.0,85.0,13.3,15.5,1.9,0.0,0.0,0.0,0.0,0.0,0.0,0.0,0.0,36.0,0.0,0.0,0.0,0.0,0.0,0.0,0.0,0.0,4444.0
2024-03-29,1009.0,80.0,13.4,15.0,1.6,360.0,216.0,90.0,0.0,0.0,0.0,6948.0,504.0,206.0,12978.0,3565.0,1667.0,0.0,0.0,0.0,2488.0,17143.0,9738.0
2024-03-30,1012.4,73.0,14.3,15.1,1.1,0.0,0.0,0.0,0.0,0.0,0.0,0.0,36.0,0.0,0.0,0.0,0.0,0.0,0.0,0.0,0.0,7667.0,0.0
2024-04-01,1014.4,76.0,14.3,16.1,0.4,0.0,0.0,0.0,4932.0,18666.0,108954.0,463356.0,108.0,80.0,0.0,0.0,0.0,4749.0,4077.0,2327.0,1495.0,13889.0,6813.0
2024-04-02,1014.8,88.0,14.7,16.1,0.4,738.0,162.0,2232.0,5328.0,24030.0,181908.0,582090.0,54.0,0.0,7355.0,2778.0,2087.0,3654.0,2600.0,1661.0,1345.0,10741.0,0.0
2024-04-03,1006.2,93.0,13.7,16.0,1.3,0.0,0.0,0.0,7488.0,39276.0,250344.0,615222.0,36.0,450.0,0.0,0.0,0.0,2546.0,1949.0,1394.0,1239.0,5889.0,3296.0
2024-04-05,1019.3,66.0,13.7,15.5,1.4,18.0,18.0,0.0,0.0,0.0,0.0,0.0,0.0,0.0,6667.0,3333.0,0.0,0.0,0.0,0.0,0.0,0.0,0.0
2024-04-06,1018.7,78.0,13.9,15.5,0.6,396.0,0.0,22500.0,72.0,216.0,468.0,3348.0,0.0,0.0,4230.0,0.0,1260.0,19444.0,9769.0,6667.0,1708.0,0.0,0.0
2024-04-08,1015.4,79.0,15.1,15.7,0.2,252.0,0.0,0.0,6138.0,28800.0,117504.0,748080.0,0.0,0.0,8873.0,0.0,0.0,2700.0,2223.0,1917.0,1310.0,0.0,0.0
2024-04-09,1021.4,68.0,13.0,16.0,2.1,36.0,0.0,18.0,4428.0,21870.0,80982.0,291060.0,0.0,20.0,11111.0,0.0,556.0,3166.0,2403.0,1965.0,1451.0,0.0,6500.0
2024-04-10,1026.0,67.0,12.5,16.1,1.5,0.0,0.0,0.0,0.0,0.0,0.0,0.0,0.0,0.0,0.0,0.0,0.0,0.0,0.0,0.0,0.0,0.0,0.0
2024-04-12,1018.5,86.0,15.4,16.7,0.4,108.0,18.0,0.0,0.0,0.0,0.0,0.0,1746.0,0.0,7963.0,2778.0,0.0,0.0,0.0,0.0,0.0,17727.0,0.0
2024-04-13,1018.0,85.0,16.2,17.1,0.3,0.0,0.0,0.0,954.0,3834.0,28962.0,79074.0,18.0,0.0,0.0,0.0,0.0,14408.0,6208.0,3196.0,1881.0,8333.0,0.0
2024-04-15,1012.6,93.0,16.1,16.7,1.2,0.0,0.0,0.0,2448.0,24606.0,261288.0,141732.0,234.0,0.0,0.0,0.0,0.0,5840.0,3677.0,1747.0,1479.0,16987.0,0.0
2024-04-16,1011.6,90.0,15.2,16.3,0.9,792.0,0.0,0.0,162.0,702.0,6084.0,8892.0,414.0,0.0,6027.0,0.0,0.0,4938.0,3476.0,1718.0,1433.0,13056.0,0.0
2024-04-17,1011.3,77.0,15.7,16.3,0.4,0.0,0.0,0.0,0.0,0.0,36.0,1836.0,0.0,0.0,0.0,0.0,0.0,0.0,0.0,4306.0,1298.0,0.0,0.0
2024-04-18,1010.2,81.0,15.6,16.6,0.4,0.0,0.0,0.0,954.0,3762.0,17640.0,137934.0,0.0,0.0,0.0,0.0,0.0,12720.0,7206.0,5848.0,1773.0,0.0,0.0
2024-04-20,1010.5,96.0,15.1,16.5,0.7,0.0,0.0,0.0,666.0,2880.0,43020.0,220914.0,0.0,0.0,0.0,0.0,0.0,6059.0,3948.0,1851.0,1359.0,0.0,0.0
2024-04-22,1013.0,82.0,14.9,15.5,1.9,2214.0,0.0,756.0,1332.0,6192.0,67500.0,214188.0,288.0,0.0,5100.0,0.0,2455.0,8030.0,4890.0,2284.0,1464.0,16979.0,0.0
2024-04-23,1010.8,80.0,14.3,16.2,2.5,18.0,0.0,0.0,0.0,0.0,0.0,0.0,144.0,0.0,11111.0,0.0,0.0,0.0,0.0,0.0,0.0,12701.0,0.0
2024-04-24,1008.1,82.0,15.0,16.3,1.6,0.0,0.0,0.0,0.0,0.0,0.0,0.0,0.0,0.0,0.0,0.0,0.0,0.0,0.0,0.0,0.0,0.0,0.0
2024-04-25,1010.5,78.0,15.4,16.6,0.8,0.0,0.0,0.0,0.0,0.0,0.0,0.0,0.0,0.0,0.0,0.0,0.0,0.0,0.0,0.0,0.0,0.0,0.0
2024-04-26,1010.6,92.0,15.6,16.3,0.4,36.0,18.0,0.0,0.0,0.0,0.0,0.0,0.0,0.0,8333.0,3444.0,0.0,0.0,0.0,0.0,0.0,0.0,0.0
2024-04-27,1010.9,91.0,16.1,16.7,0.3,0.0,0.0,0.0,0.0,0.0,0.0,0.0,18.0,0.0,0.0,0.0,0.0,0.0,0.0,0.0,0.0,6667.0,0.0
2024-04-29,1008.1,89.0,15.0,16.6,1.9,0.0,0.0,18.0,0.0,0.0,0.0,0.0,396.0,0.0,0.0,0.0,1111.0,0.0,0.0,0.0,0.0,14740.0,0.0
2024-04-30,1006.9,91.0,15.4,16.6,0.9,0.0,0.0,0.0,0.0,0.0,0.0,0.0,540.0,0.0,0.0,0.0,0.0,0.0,0.0,0.0,0.0,15661.0,0.0
2024-05-01,1012.0,72.0,14.5,16.4,2.0,0.0,0.0,0.0,0.0,0.0,0.0,0.0,306.0,0.0,0.0,0.0,0.0,0.0,0.0,0.0,0.0,11471.0,0.0
2024-05-02,1018.6,68.0,14.6,16.6,1.2,594.0,0.0,162.0,0.0,0.0,0.0,0.0,180.0,0.0,9773.0,0.0,2222.0,0.0,0.0,0.0,0.0,12222.0,0.0
2024-05-03,1018.7,77.0,15.9,17.6,0.6,72.0,72.0,0.0,0.0,0.0,0.0,0.0,1296.0,0.0,13153.0,4167.0,0.0,0.0,0.0,0.0,0.0,16021.0,0.0
2024-05-04,1017.8,87.0,17.4,18.2,0.3,0.0,0.0,0.0,0.0,0.0,0.0,0.0,0.0,0.0,0.0,0.0,0.0,0.0,0.0,0.0,0.0,0.0,0.0
2024-05-06,1008.7,92.0,16.0,16.0,1.9,0.0,0.0,0.0,0.0,18.0,144.0,2322.0,414.0,0.0,0.0,0.0,0.0,0.0,9444.0,8333.0,2877.0,17198.0,0.0
2024-05-09,1018.9,78.0,15.1,16.7,1.5,0.0,0.0,0.0,0.0,0.0,0.0,0.0,0.0,0.0,0.0,0.0,0.0,0.0,0.0,0.0,0.0,0.0,0.0
2024-05-10,1019.4,84.0,16.2,16.7,0.6,0.0,0.0,0.0,0.0,0.0,0.0,0.0,0.0,0.0,0.0,0.0,0.0,0.0,0.0,0.0,0.0,0.0,0.0
2024-05-11,1015.3,92.0,17.7,16.6,0.8,720.0,522.0,0.0,0.0,0.0,0.0,0.0,144.0,0.0,6111.0,4889.0,0.0,0.0,0.0,0.0,0.0,17778.0,0.0
2024-05-14,1016.0,80.0,17.1,18.1,0.4,0.0,1242.0,0.0,216.0,684.0,7614.0,7506.0,0.0,0.0,0.0,3333.0,0.0,22222.0,11959.0,7248.0,3758.0,0.0,0.0
2024-05-15,1010.5,80.0,16.7,17.5,0.7,0.0,0.0,1152.0,900.0,2754.0,24678.0,10584.0,0.0,0.0,0.0,0.0,1476.0,11378.0,8325.0,4371.0,2868.0,0.0,0.0
2024-05-17,1016.2,82.0,16.9,17.0,1.2,0.0,0.0,0.0,0.0,0.0,0.0,0.0,0.0,0.0,0.0,0.0,0.0,0.0,0.0,0.0,0.0,0.0,0.0
2024-05-18,1017.6,93.0,17.4,17.6,0.5,0.0,0.0,0.0,0.0,0.0,0.0,0.0,0.0,0.0,0.0,0.0,0.0,0.0,0.0,0.0,0.0,0.0,0.0
2024-05-19,1014.6,87.0,18.1,18.2,0.3,0.0,0.0,0.0,0.0,0.0,0.0,0.0,0.0,0.0,0.0,0.0,0.0,0.0,0.0,0.0,0.0,0.0,0.0
2024-05-21,1019.6,83.0,16.6,17.9,1.5,72.0,0.0,0.0,1152.0,2142.0,50526.0,79290.0,0.0,0.0,6111.0,0.0,0.0,10026.0,6446.0,3477.0,1845.0,0.0,0.0
2024-05-22,1016.3,88.0,17.1,18.2,0.8,0.0,0.0,0.0,0.0,0.0,0.0,0.0,0.0,0.0,0.0,0.0,0.0,0.0,0.0,0.0,0.0,0.0,0.0
2024-05-23,1010.2,91.0,18.2,18.4,0.4,0.0,0.0,0.0,0.0,0.0,0.0,0.0,0.0,0.0,0.0,0.0,0.0,0.0,0.0,0.0,0.0,0.0,0.0
2024-05-24,1012.6,87.0,17.9,18.2,1.0,18.0,0.0,0.0,1098.0,1944.0,20124.0,26910.0,0.0,0.0,7500.0,0.0,0.0,9745.0,7241.0,4154.0,2312.0,0.0,0.0
2024-05-25,1016.9,79.0,17.5,18.3,1.3,0.0,0.0,0.0,414.0,1656.0,26712.0,32904.0,0.0,0.0,0.0,0.0,0.0,8362.0,6651.0,3707.0,2156.0,0.0,0.0
2024-05-27,1002.7,82.0,19.0,18.5,1.0,0.0,0.0,0.0,0.0,0.0,0.0,0.0,0.0,0.0,0.0,0.0,0.0,0.0,0.0,0.0,0.0,0.0,0.0
2024-05-28,1005.0,73.0,18.2,18.5,1.4,0.0,0.0,0.0,0.0,0.0,0.0,0.0,0.0,0.0,0.0,0.0,0.0,0.0,0.0,0.0,0.0,0.0,0.0
2024-05-29,1013.4,81.0,18.0,19.0,0.8,0.0,0.0,0.0,18.0,54.0,846.0,8838.0,0.0,0.0,0.0,0.0,0.0,7222.0,11111.0,7181.0,2200.0,0.0,0.0
2024-05-31,1009.5,83.0,18.5,18.8,0.5,0.0,864.0,1278.0,180.0,324.0,1764.0,9180.0,252.0,0.0,0.0,3222.0,4229.0,9694.0,8019.0,4867.0,2182.0,13036.0,0.0
2024-06-01,1009.7,84.0,19.2,19.2,0.5,0.0,0.0,0.0,0.0,72.0,2214.0,7308.0,0.0,0.0,0.0,0.0,0.0,0.0,11111.0,4784.0,1855.0,0.0,0.0
2024-06-03,1011.9,78.0,18.4,19.9,0.7,0.0,0.0,0.0,0.0,144.0,1890.0,5472.0,0.0,666.0,0.0,0.0,0.0,0.0,11667.0,6619.0,3002.0,0.0,2266.0
2024-06-04,1016.3,74.0,18.4,19.9,1.0,0.0,0.0,0.0,126.0,450.0,8622.0,20970.0,0.0,0.0,0.0,0.0,0.0,13095.0,9722.0,4559.0,2849.0,0.0,0.0
2024-06-05,1019.1,80.0,18.9,20.2,0.8,36.0,0.0,0.0,72.0,360.0,3564.0,13482.0,0.0,0.0,11944.0,0.0,0.0,12917.0,10611.0,6027.0,3633.0,0.0,0.0
2024-06-06,1017.5,87.0,19.5,20.3,0.6,0.0,0.0,0.0,0.0,0.0,0.0,0.0,18.0,0.0,0.0,0.0,0.0,0.0,0.0,0.0,0.0,11111.0,0.0
2024-06-07,1014.9,85.0,20.2,20.6,0.4,720.0,0.0,0.0,0.0,0.0,0.0,0.0,0.0,0.0,5194.0,0.0,0.0,0.0,0.0,0.0,0.0,0.0,0.0
2024-06-08,1010.8,92.0,19.2,20.3,0.4,0.0,0.0,0.0,108.0,234.0,1332.0,9396.0,0.0,0.0,0.0,0.0,0.0,18704.0,17650.0,5306.0,3805.0,0.0,0.0
2024-06-10,1008.6,95.0,19.5,20.2,0.4,972.0,0.0,0.0,0.0,0.0,0.0,0.0,0.0,36.0,12449.0,0.0,0.0,0.0,0.0,0.0,0.0,0.0,3111.0
2024-06-11,1007.8,91.0,20.0,20.2,0.5,3132.0,234.0,7272.0,0.0,630.0,15804.0,18864.0,54.0,0.0,6866.0,4658.0,2275.0,0.0,10159.0,3697.0,2295.0,10833.0,0.0
2024-06-12,1005.6,91.0,20.3,20.2,0.3,0.0,1260.0,234.0,216.0,594.0,18630.0,18288.0,0.0,0.0,0.0,2889.0,2778.0,7083.0,6884.0,2215.0,1881.0,0.0,0.0
2024-06-13,1004.7,92.0,21.4,21.5,0.4,2232.0,3204.0,5544.0,1206.0,13680.0,90936.0,9234.0,72.0,9450.0,8229.0,4307.0,2425.0,4420.0,2071.0,1225.0,1274.0,9806.0,2667.0
2024-06-14,1006.2,88.0,22.1,22.6,0.6,0.0,126.0,18.0,630.0,2898.0,75330.0,53928.0,0.0,18.0,0.0,4167.0,2500.0,3690.0,3006.0,1393.0,1298.0,0.0,1944.0
2024-06-17,1008.1,89.0,21.7,22.2,0.6,0.0,0.0,0.0,0.0,0.0,0.0,0.0,0.0,0.0,0.0,0.0,0.0,0.0,0.0,0.0,0.0,0.0,0.0
2024-06-18,1006.1,81.0,22.1,22.4,0.4,180.0,396.0,18.0,0.0,270.0,6768.0,6786.0,0.0,18.0,7389.0,3677.0,2222.0,0.0,7778.0,3196.0,1465.0,0.0,5000.0
2024-06-19,1009.2,92.0,22.3,22.8,0.6,0.0,2016.0,0.0,342.0,864.0,23436.0,199738.0,0.0,18.0,0.0,3615.0,0.0,8333.0,5264.0,1592.0,1109.0,0.0,3333.0
2024-06-20,1006.0,95.0,21.4,22.5,0.6,126.0,324.0,18.0,234.0,378.0,11700.0,18990.0,0.0,18.0,7460.0,3494.0,1667.0,14145.0,9153.0,2849.0,1185.0,0.0,3889.0
2024-06-21,1004.1,89.0,22.5,22.8,0.8,216.0,882.0,0.0,144.0,270.0,12510.0,25650.0,0.0,0.0,8704.0,4096.0,0.0,17778.0,12259.0,3458.0,1299.0,0.0,0.0
2024-06-22,1000.5,98.0,22.1,22.0,1.1,0.0,18.0,0.0,0.0,0.0,0.0,0.0,0.0,1350.0,0.0,3667.0,0.0,0.0,0.0,0.0,0.0,0.0,2556.0
2024-06-25,1010.9,88.0,20.3,19.9,0.9,0.0,0.0,0.0,0.0,72.0,1908.0,19044.0,0.0,0.0,0.0,0.0,0.0,0.0,15972.0,4759.0,1730.0,0.0,0.0
2024-06-26,1015.5,83.0,20.9,21.5,0.7,2736.0,954.0,54.0,162.0,558.0,14616.0,183528.0,0.0,20.0,6017.0,3891.0,1889.0,22222.0,18692.0,5491.0,1690.0,0.0,9000.0
2024-06-27,1012.7,90.0,20.2,21.7,0.5,666.0,882.0,72.0,306.0,810.0,20178.0,129186.0,0.0,0.0,5862.0,3536.0,2222.0,23235.0,15951.0,4200.0,1419.0,0.0,0.0
2024-07-01,1004.6,99.0,19.9,19.9,1.2,288.0,540.0,1260.0,216.0,720.0,9180.0,108954.0,0.0,560.0,6684.0,3341.0,1315.0,10648.0,7289.0,3689.0,1345.0,0.0,3036.0
2024-07-02,1007.8,99.0,21.7,20.0,1.1,0.0,0.0,0.0,0.0,0.0,0.0,0.0,0.0,0.0,0.0,0.0,0.0,0.0,0.0,0.0,0.0,0.0,0.0
2024-07-03,1010.7,99.0,21.7,20.8,1.5,414.0,198.0,198.0,36.0,396.0,7128.0,160056.0,0.0,60.0,6638.0,4389.0,2222.0,13889.0,15846.0,4270.0,1423.0,0.0,5750.0
2024-07-04,1009.5,99.0,21.4,21.3,0.8,0.0,0.0,18.0,126.0,540.0,19278.0,252054.0,0.0,0.0,0.0,0.0,1111.0,22262.0,19519.0,3912.0,1404.0,0.0,0.0
2024-07-05,1006.4,99.0,21.5,21.1,1.0,90.0,2286.0,486.0,1008.0,2700.0,52254.0,327276.0,0.0,200.0,6667.0,4161.0,1348.0,7278.0,5643.0,2600.0,1342.0,0.0,3495.0
2024-07-06,1007.7,98.0,22.5,21.3,0.9,0.0,0.0,0.0,0.0,0.0,0.0,162.0,0.0,0.0,0.0,0.0,0.0,0.0,0.0,0.0,1142.0,0.0,0.0
2024-07-08,1005.8,99.0,22.3,21.1,1.1,54.0,684.0,126.0,252.0,4122.0,36270.0,102888.0,36.0,396.0,8648.0,4107.0,1429.0,18492.0,6955.0,3580.0,1538.0,3611.0,5230.0
2024-07-09,1006.6,99.0,21.7,20.6,1.1,0.0,0.0,0.0,0.0,0.0,0.0,0.0,18.0,0.0,0.0,0.0,0.0,0.0,0.0,0.0,0.0,2111.0,0.0
2024-07-10,1001.9,99.0,21.2,19.4,1.6,18.0,0.0,0.0,0.0,0.0,0.0,0.0,0.0,0.0,6944.0,0.0,0.0,0.0,0.0,0.0,0.0,0.0,0.0
2024-07-11,1002.8,98.0,20.5,20.7,1.0,0.0,0.0,0.0,0.0,0.0,0.0,0.0,0.0,0.0,0.0,0.0,0.0,0.0,0.0,0.0,0.0,0.0,0.0
2024-07-12,1003.2,98.0,21.3,21.7,0.7,594.0,5346.0,3132.0,900.0,8802.0,139644.0,448200.0,0.0,260.0,9798.0,4176.0,2042.0,12166.0,5803.0,2175.0,1304.0,0.0,4754.0
2024-07-13,1007.2,96.0,22.0,21.9,0.7,180.0,1872.0,1620.0,450.0,2682.0,52272.0,288018.0,0.0,1280.0,8750.0,3184.0,2275.0,5218.0,3087.0,1269.0,746.0,0.0,4227.0
2024-07-15,1012.6,98.0,21.8,21.3,1.1,378.0,1116.0,1206.0,540.0,9090.0,89208.0,720540.0,0.0,12738.0,7455.0,3796.0,1677.0,3289.0,1524.0,1056.0,898.0,0.0,1872.0
2024-07-16,1013.1,99.0,22.0,21.7,0.8,288.0,684.0,324.0,396.0,3240.0,55116.0,663654.0,0.0,2256.0,4802.0,3284.0,1895.0,8225.0,3350.0,1367.0,787.0,0.0,2272.0
2024-07-17,1011.8,99.0,22.9,22.6,0.5,1242.0,306.0,684.0,360.0,1350.0,38178.0,508422.0,54.0,1008.0,4690.0,3225.0,1737.0,8639.0,3719.0,1941.0,950.0,7333.0,4085.0
2024-07-18,1007.2,99.0,23.5,22.1,0.9,1404.0,414.0,54.0,234.0,1188.0,18270.0,184500.0,0.0,958.0,5192.0,3908.0,2722.0,9667.0,7861.0,3481.0,1258.0,0.0,7399.0
2024-07-19,1007.3,98.0,22.4,21.8,0.9,648.0,1314.0,0.0,0.0,0.0,0.0,0.0,0.0,5688.0,6806.0,3885.0,0.0,0.0,0.0,0.0,0.0,0.0,3352.0
2024-08-28,1006.0,87.0,26.7,27.6,2.3,8622.0,18.0,162.0,72.0,414.0,4428.0,592494.0,18.0,7028.0,8008.0,3333.0,1432.0,9375.0,14420.0,5955.0,1109.0,9444.0,9896.0
2024-08-29,1001.4,86.0,27.4,27.3,2.8,594.0,126.0,54.0,54.0,54.0,792.0,155058.0,90.0,420.0,11734.0,4619.0,2778.0,11111.0,9556.0,5922.0,698.0,7411.0,7643.0
2024-08-30,1002.3,79.0,27.8,27.1,2.2,3042.0,738.0,72.0,0.0,0.0,0.0,108.0,0.0,6380.0,12793.0,3489.0,2778.0,0.0,0.0,0.0,2778.0,0.0,13209.0
2024-09-02,1009.3,79.0,27.4,28.4,0.5,3492.0,828.0,72.0,288.0,10062.0,66618.0,396666.0,0.0,13700.0,11664.0,4222.0,1389.0,10590.0,6124.0,2640.0,1073.0,0.0,13305.0
2024-09-03,1011.7,79.0,26.0,27.8,1.5,612.0,558.0,0.0,486.0,7884.0,102510.0,689112.0,0.0,5474.0,11931.0,3900.0,0.0,13786.0,6469.0,2105.0,1307.0,0.0,8245.0
2024-09-04,1010.2,76.0,26.3,27.6,1.2,72.0,0.0,0.0,432.0,12132.0,104508.0,1054560.0,18.0,1838.0,6736.0,0.0,0.0,17662.0,3877.0,2086.0,1291.0,10278.0,13004.0
2024-09-05,1008.7,76.0,26.9,28.1,0.6,270.0,162.0,90.0,288.0,7992.0,72882.0,861816.0,0.0,330.0,8348.0,4821.0,1833.0,10535.0,5640.0,2174.0,1176.0,0.0,8106.0
2024-09-06,1011.5,86.0,27.4,28.2,0.5,648.0,72.0,36.0,270.0,1458.0,32076.0,641490.0,18.0,25948.0,15563.0,4444.0,2222.0,12585.0,6457.0,2001.0,1362.0,2778.0,13493.0
2024-09-07,1014.0,85.0,27.6,28.6,0.8,144.0,144.0,0.0,1242.0,4446.0,39834.0,969360.0,0.0,10616.0,6354.0,4271.0,0.0,5399.0,6484.0,3693.0,1198.0,0.0,12408.0
2024-09-08,1013.7,88.0,28.0,28.8,0.5,414.0,252.0,144.0,1746.0,15570.0,113076.0,517440.0,0.0,154.0,13237.0,3774.0,1528.0,7429.0,5246.0,2230.0,1170.0,0.0,7597.0
2024-09-09,1013.2,86.0,27.8,28.9,1.0,864.0,144.0,450.0,720.0,4986.0,38988.0,704088.0,0.0,32492.0,8427.0,3750.0,1878.0,8092.0,6346.0,3292.0,1045.0,0.0,13714.0
2024-09-10,1013.7,87.0,28.0,28.7,0.9,540.0,4500.0,684.0,144.0,1764.0,14490.0,802548.0,36.0,17658.0,12343.0,4268.0,1940.0,11424.0,10598.0,4109.0,778.0,10417.0,13115.0
2024-09-11,1016.4,91.0,27.5,28.4,0.5,558.0,198.0,252.0,738.0,1296.0,10944.0,807642.0,0.0,15398.0,8871.0,4348.0,1155.0,17154.0,9669.0,3778.0,645.0,0.0,13993.0
2024-09-12,1015.2,91.0,28.2,29.2,0.7,288.0,414.0,234.0,342.0,2430.0,23220.0,488088.0,0.0,65078.0,9396.0,3816.0,1038.0,12982.0,8329.0,2835.0,834.0,0.0,13726.0
2024-09-13,1009.9,87.0,28.5,29.4,0.6,234.0,144.0,90.0,414.0,5472.0,28476.0,255390.0,18.0,31304.0,7564.0,3472.0,878.0,16860.0,4441.0,2124.0,851.0,8333.0,14384.0
2024-09-14,1006.4,84.0,28.9,29.2,0.5,612.0,54.0,270.0,342.0,1926.0,12888.0,227304.0,54.0,1050.0,9083.0,3426.0,2111.0,18070.0,8670.0,4372.0,855.0,3778.0,5190.0
2024-09-15,1009.1,90.0,28.0,29.4,1.3,216.0,144.0,576.0,954.0,6282.0,35586.0,194094.0,0.0,60.0,13148.0,3715.0,1804.0,8501.0,6391.0,4237.0,1212.0,0.0,4700.0
2024-09-20,1011.7,90.0,28.5,28.6,1.3,0.0,0.0,0.0,0.0,0.0,0.0,144.0,0.0,63880.0,0.0,0.0,0.0,0.0,0.0,0.0,2194.0,0.0,13752.0
2024-09-21,1005.8,92.0,25.6,27.3,2.5,0.0,0.0,18.0,0.0,0.0,0.0,0.0,0.0,8040.0,0.0,0.0,556.0,0.0,0.0,0.0,0.0,0.0,13723.0
2024-09-23,1016.6,72.0,22.7,27.6,2.7,180.0,54.0,1944.0,0.0,0.0,360.0,1080.0,0.0,33380.0,12889.0,3889.0,2060.0,0.0,0.0,1856.0,1909.0,0.0,13937.0
2024-09-24,1015.1,79.0,23.4,27.3,1.7,126.0,90.0,36.0,0.0,0.0,0.0,540.0,0.0,41180.0,17778.0,3333.0,1667.0,0.0,0.0,0.0,2852.0,0.0,12921.0
2024-09-25,1013.9,80.0,25.1,26.7,1.0,36.0,0.0,0.0,0.0,0.0,0.0,288.0,0.0,18620.0,6389.0,0.0,0.0,0.0,0.0,0.0,3028.0,0.0,13123.0
2024-09-26,1012.9,79.0,25.4,26.8,0.6,324.0,54.0,108.0,1260.0,5742.0,48474.0,283446.0,0.0,10520.0,11330.0,4444.0,1481.0,16279.0,9680.0,4930.0,1488.0,0.0,13908.0
2024-09-27,1012.6,84.0,25.1,26.5,0.8,720.0,198.0,216.0,1566.0,7074.0,58176.0,444204.0,0.0,9652.0,12819.0,4278.0,1093.0,12516.0,7469.0,4992.0,1382.0,0.0,13132.0
2024-09-28,1016.5,82.0,24.8,26.4,1.7,1008.0,1098.0,468.0,1620.0,8208.0,66942.0,503577.0,0.0,522.0,9770.0,3047.0,1314.0,10691.0,6879.0,4327.0,1245.0,0.0,2887.0
2024-09-30,1015.4,80.0,23.7,25.9,1.2,1062.0,558.0,360.0,756.0,2988.0,23832.0,325926.0,0.0,13378.0,10904.0,3489.0,1056.0,10608.0,8956.0,4609.0,1459.0,0.0,12994.0
2024-10-01,1010.6,76.0,24.2,26.2,0.6,54.0,0.0,18.0,0.0,0.0,0.0,34296.0,0.0,0.0,6000.0,0.0,1944.0,0.0,0.0,0.0,1167.0,0.0,0.0
2024-10-02,1015.5,52.0,20.4,26.0,1.5,702.0,486.0,1872.0,522.0,12060.0,73872.0,214434.0,18.0,22716.0,10007.0,4640.0,2221.0,13343.0,7383.0,3638.0,1655.0,2611.0,12143.0
2024-10-03,1018.1,79.0,20.2,25.9,3.0,270.0,252.0,1008.0,0.0,18.0,342.0,16632.0,0.0,2900.0,13944.0,4921.0,2293.0,0.0,6944.0,5190.0,1991.0,0.0,11734.0
2024-10-04,1022.6,69.0,20.8,25.7,2.2,198.0,72.0,270.0,0.0,0.0,0.0,0.0,0.0,5658.0,7717.0,3333.0,2230.0,0.0,0.0,0.0,0.0,0.0,13101.0
2024-10-05,1021.4,71.0,21.9,25.0,1.4,0.0,0.0,0.0,0.0,0.0,0.0,0.0,0.0,0.0,0.0,0.0,0.0,0.0,0.0,0.0,0.0,0.0,0.0
2024-10-07,1016.4,80.0,19.1,24.3,0.7,558.0,846.0,198.0,468.0,2862.0,50058.0,525402.0,0.0,30062.0,13416.0,3435.0,1667.0,17073.0,10302.0,5197.0,1705.0,0.0,12655.0
2024-10-08,1015.3,75.0,21.1,24.9,1.0,522.0,342.0,990.0,720.0,7668.0,86238.0,629490.0,0.0,15062.0,10596.0,4401.0,2486.0,10354.0,7465.0,3681.0,1551.0,0.0,11895.0
2024-10-10,1014.6,68.0,21.0,24.2,1.1,3294.0,1818.0,2340.0,2178.0,13644.0,97758.0,412650.0,18.0,21080.0,12909.0,3438.0,2597.0,9685.0,7405.0,4849.0,2061.0,8333.0,12693.0
2024-10-11,1017.9,69.0,21.6,24.3,0.6,2538.0,972.0,108.0,1548.0,5508.0,55872.0,410838.0,18.0,9974.0,14262.0,3845.0,2037.0,7147.0,5770.0,3461.0,1569.0,4000.0,11505.0
2024-10-12,1022.3,68.0,21.9,24.5,0.6,2862.0,108.0,756.0,1980.0,10962.0,103194.0,683640.0,54.0,3480.0,5912.0,3815.0,2460.0,7443.0,6853.0,4733.0,1582.0,5556.0,11952.0
2024-10-13,1022.4,72.0,22.6,24.7,1.1,486.0,54.0,36.0,2646.0,11448.0,80064.0,603306.0,0.0,60.0,8757.0,3704.0,2000.0,8457.0,6723.0,5085.0,1470.0,0.0,4767.0
2024-10-14,1019.0,78.0,23.0,24.3,0.9,792.0,1314.0,126.0,1044.0,23436.0,127638.0,336942.0,36.0,14260.0,7648.0,3923.0,1643.0,8207.0,5884.0,3174.0,1471.0,4167.0,12640.0
2024-10-15,1017.2,92.0,23.0,24.0,1.0,3924.0,3960.0,450.0,2952.0,16038.0,105012.0,461754.0,0.0,18090.0,10644.0,3480.0,2064.0,8268.0,6082.0,3514.0,1395.0,0.0,13062.0
2024-10-17,1021.2,77.0,22.9,24.7,1.5,576.0,270.0,756.0,1080.0,5598.0,57960.0,605142.0,18.0,1064.0,11757.0,3893.0,2819.0,6437.0,5376.0,3026.0,1779.0,5556.0,5351.0
2024-10-18,1014.9,89.0,24.0,24.2,1.2,630.0,522.0,3024.0,180.0,342.0,2232.0,37638.0,0.0,11676.0,8910.0,4615.0,2374.0,8944.0,5980.0,4503.0,1910.0,0.0,12713.0
2024-10-19,1016.4,87.0,21.3,24.0,2.0,594.0,684.0,1404.0,0.0,0.0,0.0,396.0,0.0,1000.0,7593.0,3904.0,2226.0,0.0,0.0,0.0,2154.0,0.0,12410.0
2024-10-21,1022.6,77.0,21.0,23.4,1.7,1926.0,2610.0,0.0,0.0,0.0,0.0,18.0,54.0,2160.0,9334.0,3481.0,0.0,0.0,0.0,0.0,2222.0,6593.0,12681.0
2024-10-22,1014.1,93.0,21.6,23.9,1.3,198.0,702.0,0.0,0.0,0.0,0.0,0.0,0.0,140.0,8667.0,3296.0,0.0,0.0,0.0,0.0,0.0,0.0,10286.0
2024-10-23,1015.1,64.0,19.3,23.9,1.1,990.0,1458.0,1836.0,0.0,0.0,0.0,2520.0,0.0,20.0,12490.0,3044.0,928.0,0.0,0.0,0.0,3248.0,0.0,11500.0
2024-10-25,1023.1,74.0,20.8,23.6,1.7,432.0,648.0,72.0,0.0,198.0,936.0,36468.0,18.0,2456.0,10266.0,4059.0,708.0,0.0,26667.0,8948.0,1735.0,13889.0,14282.0
2024-10-26,1020.2,71.0,20.9,23.1,1.6,3582.0,0.0,1782.0,0.0,0.0,0.0,0.0,0.0,72.0,11746.0,0.0,2500.0,0.0,0.0,0.0,0.0,0.0,9306.0
2024-10-27,1014.2,76.0,18.5,22.5,0.9,18.0,18.0,0.0,54.0,2034.0,11646.0,63804.0,0.0,0.0,8611.0,3889.0,0.0,22778.0,10079.0,6381.0,1831.0,0.0,0.0
2024-10-28,1013.7,73.0,18.7,21.9,1.4,1890.0,2106.0,0.0,954.0,5328.0,39042.0,744966.0,36.0,582.0,9418.0,4133.0,0.0,15671.0,9045.0,5690.0,1370.0,6667.0,6656.0
2024-10-29,1017.2,72.0,19.3,22.3,1.9,3762.0,3150.0,18.0,522.0,5382.0,23922.0,1014150.0,72.0,1492.0,7665.0,3505.0,1556.0,9027.0,7428.0,5187.0,1293.0,7500.0,12801.0
2024-10-31,1022.0,68.0,20.4,22.1,1.3,5994.0,720.0,54.0,648.0,2214.0,15318.0,1416132.0,90.0,60.0,5831.0,3306.0,2037.0,11566.0,8783.0,5173.0,1330.0,7778.0,9417.0
2024-11-01,1018.3,86.0,17.7,22.4,1.1,6120.0,1206.0,36.0,144.0,594.0,2250.0,1359876.0,72.0,252.0,6698.0,3343.0,1667.0,11722.0,8460.0,6842.0,1262.0,5833.0,3361.0
2024-11-02,1015.1,80.0,20.0,23.6,2.4,0.0,18.0,0.0,18.0,180.0,990.0,706650.0,0.0,18.0,0.0,3333.0,0.0,7222.0,10056.0,6702.0,1202.0,0.0,5278.0
2024-11-04,1019.8,73.0,19.3,21.9,0.6,2538.0,5076.0,0.0,0.0,90.0,306.0,292368.0,90.0,840.0,8879.0,3371.0,0.0,0.0,21556.0,9869.0,1247.0,8733.0,14679.0
2024-11-05,1018.4,61.0,16.7,22.0,1.0,1746.0,3258.0,972.0,3060.0,15444.0,68022.0,380700.0,0.0,40.0,9676.0,4031.0,2721.0,14168.0,8908.0,6407.0,1895.0,0.0,10250.0
2024-11-06,1023.8,44.0,13.8,21.4,1.6,2016.0,3348.0,36.0,1386.0,6120.0,86652.0,709488.0,72.0,72.0,8595.0,3205.0,2694.0,13312.0,9632.0,4001.0,1445.0,7083.0,3167.0
2024-11-07,1028.3,62.0,15.9,21.7,1.2,6012.0,4536.0,2754.0,0.0,0.0,0.0,1908.0,306.0,60.0,10780.0,3464.0,2487.0,0.0,0.0,0.0,2704.0,8585.0,10167.0
2024-11-09,1024.9,67.0,18.6,21.7,1.1,54.0,18.0,18.0,180.0,1764.0,17316.0,1282932.0,0.0,0.0,11704.0,5000.0,2222.0,15111.0,9997.0,5923.0,1068.0,0.0,0.0
2024-11-10,1021.3,71.0,18.6,20.5,1.0,0.0,36.0,0.0,918.0,4914.0,33570.0,1546596.0,0.0,0.0,0.0,4167.0,0.0,9770.0,7958.0,5323.0,983.0,0.0,0.0
2024-11-11,1019.2,73.0,17.9,21.1,0.7,792.0,36.0,18.0,2268.0,14526.0,56970.0,960786.0,0.0,132.0,8230.0,4778.0,833.0,12560.0,8593.0,5927.0,1168.0,0.0,3606.0
2024-11-12,1018.4,67.0,18.5,20.6,0.6,1134.0,1512.0,1206.0,2034.0,7308.0,40248.0,918432.0,36.0,0.0,11204.0,4185.0,694.0,12484.0,8736.0,6420.0,1122.0,10000.0,0.0
2024-11-14,1020.4,66.0,18.7,21.8,1.2,13878.0,2682.0,6606.0,1350.0,7128.0,54504.0,402936.0,270.0,54.0,7898.0,4384.0,2431.0,14256.0,8248.0,5185.0,1480.0,8093.0,5630.0
2024-11-15,1018.4,76.0,19.2,21.7,0.8,9468.0,14490.0,126.0,504.0,3132.0,16182.0,56646.0,504.0,6992.0,10898.0,3276.0,1825.0,12534.0,7693.0,5538.0,2117.0,7889.0,14283.0
2024-11-18,1027.9,52.0,10.6,20.4,1.9,17982.0,13158.0,5112.0,0.0,0.0,6138.0,1980.0,828.0,128.0,12225.0,3797.0,2604.0,0.0,0.0,1008.0,3415.0,10732.0,5469.0
2024-11-19,1028.5,66.0,13.0,20.5,1.6,10224.0,4320.0,0.0,0.0,0.0,0.0,10386.0,558.0,9096.0,7654.0,3166.0,0.0,0.0,0.0,0.0,3026.0,9453.0,14737.0
2024-11-21,1020.3,60.0,14.1,20.8,0.6,0.0,0.0,18.0,1188.0,7596.0,37512.0,362664.0,0.0,0.0,0.0,0.0,2222.0,17803.0,10634.0,7533.0,1659.0,0.0,0.0
2024-11-22,1021.1,50.0,13.7,19.5,0.6,0.0,0.0,0.0,0.0,432.0,4068.0,11658.0,0.0,18.0,0.0,0.0,0.0,0.0,11222.0,7365.0,2261.0,0.0,4444.0
2024-11-23,1025.5,70.0,12.7,21.7,1.8,4554.0,8946.0,0.0,0.0,0.0,0.0,0.0,198.0,18.0,9754.0,3004.0,0.0,0.0,0.0,0.0,0.0,8404.0,5278.0
2024-11-25,1025.3,60.0,15.6,20.7,1.1,3978.0,2052.0,3366.0,1422.0,21150.0,64746.0,50274.0,1008.0,180.0,10466.0,4991.0,2602.0,17300.0,9713.0,7206.0,5817.0,8222.0,4189.0
2024-11-26,1012.7,66.0,13.4,19.6,2.0,17136.0,7722.0,17694.0,3528.0,8046.0,26550.0,19386.0,3906.0,1490.0,9729.0,5037.0,2525.0,14364.0,10158.0,7942.0,5931.0,10067.0,13347.0
2024-11-27,1013.5,60.0,8.9,19.4,1.6,20070.0,13770.0,11232.0,540.0,7056.0,15030.0,17478.0,5454.0,3176.0,9909.0,3611.0,2665.0,10296.0,8315.0,7462.0,4060.0,8719.0,13717.0
2024-11-28,1012.3,60.0,9.3,18.8,1.5,12816.0,2574.0,11718.0,0.0,0.0,0.0,1152.0,3078.0,1100.0,9310.0,4099.0,2511.0,0.0,0.0,0.0,2070.0,8516.0,13989.0
2024-11-29,1012.4,61.0,8.8,18.2,1.2,1314.0,5310.0,0.0,0.0,0.0,0.0,0.0,612.0,0.0,11553.0,3650.0,0.0,0.0,0.0,0.0,0.0,9958.0,0.0
2024-11-30,1016.0,54.0,10.6,17.8,0.8,0.0,0.0,0.0,0.0,0.0,0.0,0.0,0.0,0.0,0.0,0.0,0.0,0.0,0.0,0.0,0.0,0.0,0.0
